adres,kategori,HTTP,sitemap,ilk_HTML_basliklari,tarayici_basliklari,canonical_sayisi,ilk_HTML_H1,tarayici_H1,bulgular
/,static,200,True,Matbaa ve Baskı Çözümleri | Mavi Basım,Mavi Basım Matbaa & Reklam | İstanbul Online Matbaa ve Baskı Hizmetleri | Matbaa ve Baskı Çözümleri | Mavi Basım,2,1,1,raw:duplicate-schema-id | rendered:title-count | rendered:description-count | rendered:canonical-count | rendered:duplicate-schema-id | title-raw-rendered-difference | description-raw-rendered-difference
/adana-brosur-baski,sector,200,True,Adana Broşür Baskı Fiyatları | Adana Online Matbaa,Adana Broşür Baskı Fiyatları | Adana Online Matbaa | Adana Broşür Baskı Fiyatları | Adana Online Matbaa,2,1,1,rendered:title-count | rendered:description-count | rendered:canonical-count | rendered:multiple-breadcrumbs | title-raw-rendered-difference | description-raw-rendered-difference
/adana-etiket-baski,sector,200,True,Adana Etiket Baskı Fiyatları | Adana Online Matbaa,Adana Etiket Baskı Fiyatları | Adana Online Matbaa | Adana Etiket Baskı Fiyatları | Adana Online Matbaa,2,1,1,rendered:title-count | rendered:description-count | rendered:canonical-count | rendered:multiple-breadcrumbs | title-raw-rendered-difference | description-raw-rendered-difference
/adana-kartvizit-baski,sector,200,True,Adana’ya Özel Kartvizit Baskı Fiyatları | Mat Selefonlu Kalın Kartvizit,Adana’ya Özel Kartvizit Baskı Fiyatları | Mat Selefonlu Kalın Kartvizit | Adana’ya Özel Kartvizit Baskı Fiyatları | Mat Selefonlu Kalın Kartvizit,2,1,1,rendered:title-count | rendered:description-count | rendered:canonical-count | rendered:multiple-breadcrumbs | title-raw-rendered-difference | description-raw-rendered-difference
/adana-katalog-baski,sector,200,True,Adana Katalog Baskı Fiyatları | Adana Online Matbaa,Adana Katalog Baskı Fiyatları | Adana Online Matbaa | Adana Katalog Baskı Fiyatları | Adana Online Matbaa,2,1,1,rendered:title-count | rendered:description-count | rendered:canonical-count | rendered:multiple-breadcrumbs | title-raw-rendered-difference | description-raw-rendered-difference
/adana-kutu-baski,sector,200,True,Adana Kutu Baskı Fiyatları | Adana Online Matbaa,Adana Kutu Baskı Fiyatları | Adana Online Matbaa | Adana Kutu Baskı Fiyatları | Adana Online Matbaa,2,1,1,rendered:title-count | rendered:description-count | rendered:canonical-count | rendered:multiple-breadcrumbs | title-raw-rendered-difference | description-raw-rendered-difference
/adana-magnet-baski,sector,200,True,Adana Magnet Baskı Fiyatları | Adana Online Matbaa,Adana Magnet Baskı Fiyatları | Adana Online Matbaa | Adana Magnet Baskı Fiyatları | Adana Online Matbaa,2,1,1,rendered:title-count | rendered:description-count | rendered:canonical-count | rendered:multiple-breadcrumbs | title-raw-rendered-difference | description-raw-rendered-difference
/adana-matbaa,city,200,True,Adana Matbaa & Baskı Hizmetleri | Mavi Basım,Adana’ya Kargo ile Matbaa ve Ambalaj Baskı | Mavi Basım | Adana Matbaa & Baskı Hizmetleri | Mavi Basım,3,0,1,raw:h1-count | rendered:title-count | rendered:description-count | rendered:canonical-count | title-raw-rendered-difference | description-raw-rendered-difference
/adisyon,static,200,True,Adisyon Fişi Baskı ve Numaratörlü Adisyon Koçanı Fiyatları | Mavi Basım,Adisyon Fişi Baskı ve Numaratörlü Adisyon Koçanı Fiyatları | Mavi Basım | Adisyon Fişi Baskı ve Numaratörlü Adisyon Koçanı Fiyatları | Mavi Basım,3,1,1,rendered:title-count | rendered:description-count | rendered:canonical-count | rendered:multiple-breadcrumbs | title-raw-rendered-difference | description-raw-rendered-difference
/adiyaman-matbaa,city,200,True,Adıyaman Matbaa & Baskı Hizmetleri | Mavi Basım,"Adıyaman Matbaa | Kartvizit, Broşür, Kutu Baskı Fiyatları | Adıyaman Matbaa & Baskı Hizmetleri | Mavi Basım",3,0,1,raw:h1-count | rendered:title-count | rendered:description-count | rendered:canonical-count | title-raw-rendered-difference | description-raw-rendered-difference
/afis,static,200,True,Afiş Baskı Fiyatları | 35x50 - 50x70 - 70x100 cm,Afiş Baskı Fiyatları | 35x50 - 50x70 - 70x100 cm | Afiş Baskı Fiyatları | 35x50 - 50x70 - 70x100 cm,3,1,1,rendered:title-count | rendered:description-count | rendered:canonical-count | rendered:multiple-breadcrumbs | title-raw-rendered-difference | description-raw-rendered-difference
/afyonkarahisar-matbaa,city,200,True,Afyonkarahisar Matbaa & Baskı Hizmetleri | Mavi Basım,"Afyonkarahisar Matbaa | Kartvizit, Broşür, Kutu Baskı Fiyatları | Afyonkarahisar Matbaa & Baskı Hizmetleri | Mavi Basım",3,0,1,raw:h1-count | rendered:title-count | rendered:description-count | rendered:canonical-count | title-raw-rendered-difference | description-raw-rendered-difference
/agri-matbaa,city,200,True,Ağrı Matbaa & Baskı Hizmetleri | Mavi Basım,"Ağrı Matbaa | Kartvizit, Broşür, Kutu Baskı Fiyatları | Ağrı Matbaa & Baskı Hizmetleri | Mavi Basım",3,0,1,raw:h1-count | rendered:title-count | rendered:description-count | rendered:canonical-count | title-raw-rendered-difference | description-raw-rendered-difference
/aksaray-matbaa,city,200,True,Aksaray Matbaa & Baskı Hizmetleri | Mavi Basım,"Aksaray Matbaa | Kartvizit, Broşür, Kutu Baskı Fiyatları | Aksaray Matbaa & Baskı Hizmetleri | Mavi Basım",3,0,1,raw:h1-count | rendered:title-count | rendered:description-count | rendered:canonical-count | title-raw-rendered-difference | description-raw-rendered-difference
/amasya-matbaa,city,200,True,Amasya Matbaa & Baskı Hizmetleri | Mavi Basım,"Amasya’ya Kargo ile Matbaa, Gıda Ambalajı ve Tanıtım Baskı | Mavi Basım | Amasya Matbaa & Baskı Hizmetleri | Mavi Basım",3,0,1,raw:h1-count | rendered:title-count | rendered:description-count | rendered:canonical-count | title-raw-rendered-difference | description-raw-rendered-difference
/ambalaj,static,200,True,Ambalaj Kağıdı Baskısı | Pelür ve Sülfit Kağıt | Mavi Basım,Ambalaj Kağıdı Baskısı | Pelür ve Sülfit Kağıt | Mavi Basım,1,1,1,
/amerikan-servis,static,200,True,Amerikan Servis Baskı Fiyatları | Kağıt Servis Altlığı,Amerikan Servis Baskı Fiyatları | Kağıt Servis Altlığı,1,1,1,
/ankara-brosur-baski,sector,200,True,Ankara Broşür Baskı | Uygun Fiyatlı Tanıtım El İlanı,Ankara Broşür Baskı | Uygun Fiyatlı Tanıtım El İlanı | Ankara Broşür Baskı | Uygun Fiyatlı Tanıtım El İlanı,2,1,1,rendered:title-count | rendered:description-count | rendered:canonical-count | rendered:multiple-breadcrumbs | title-raw-rendered-difference | description-raw-rendered-difference
/ankara-etiket-baski,sector,200,True,Ankara Etiket Baskı Fiyatları | Ankara Online Matbaa,Ankara Etiket Baskı Fiyatları | Ankara Online Matbaa | Ankara Etiket Baskı Fiyatları | Ankara Online Matbaa,2,1,1,rendered:title-count | rendered:description-count | rendered:canonical-count | rendered:multiple-breadcrumbs | title-raw-rendered-difference | description-raw-rendered-difference
/ankara-kartvizit-baski,sector,200,True,Ankara Kartvizit Baskı Fiyatları | Ankara Online Matbaa,Ankara Kartvizit Baskı Fiyatları | Ankara Online Matbaa | Ankara Kartvizit Baskı Fiyatları | Ankara Online Matbaa,2,1,1,rendered:title-count | rendered:description-count | rendered:canonical-count | rendered:multiple-breadcrumbs | title-raw-rendered-difference | description-raw-rendered-difference
/ankara-katalog-baski,sector,200,True,Ankara Katalog Baskı Fiyatları | Ankara Online Matbaa,Ankara Katalog Baskı Fiyatları | Ankara Online Matbaa | Ankara Katalog Baskı Fiyatları | Ankara Online Matbaa,2,1,1,rendered:title-count | rendered:description-count | rendered:canonical-count | rendered:multiple-breadcrumbs | title-raw-rendered-difference | description-raw-rendered-difference
/ankara-kutu-baski,sector,200,True,Ankara Kutu Baskı Fiyatları | Ankara Online Matbaa,Ankara Kutu Baskı Fiyatları | Ankara Online Matbaa | Ankara Kutu Baskı Fiyatları | Ankara Online Matbaa,2,1,1,rendered:title-count | rendered:description-count | rendered:canonical-count | rendered:multiple-breadcrumbs | title-raw-rendered-difference | description-raw-rendered-difference
/ankara-magnet-baski,sector,200,True,Ankara Magnet Baskı Fiyatları | Kamu ve Lokanta Magnetleri,Ankara Magnet Baskı Fiyatları | Kamu ve Lokanta Magnetleri | Ankara Magnet Baskı Fiyatları | Kamu ve Lokanta Magnetleri,2,1,1,rendered:title-count | rendered:description-count | rendered:canonical-count | rendered:multiple-breadcrumbs | title-raw-rendered-difference | description-raw-rendered-difference
/ankara-matbaa,city,200,True,Ankara Matbaa & Baskı Hizmetleri | Mavi Basım,Ankara’ya Kargo ile Kurumsal Matbaa Baskı | Mavi Basım | Ankara Matbaa & Baskı Hizmetleri | Mavi Basım,3,0,1,raw:h1-count | rendered:title-count | rendered:description-count | rendered:canonical-count | title-raw-rendered-difference | description-raw-rendered-difference
/antalya-brosur-baski,sector,200,True,Antalya Broşür Baskı Fiyatları | Antalya Online Matbaa,Antalya Broşür Baskı Fiyatları | Antalya Online Matbaa | Antalya Broşür Baskı Fiyatları | Antalya Online Matbaa,2,1,1,rendered:title-count | rendered:description-count | rendered:canonical-count | rendered:multiple-breadcrumbs | title-raw-rendered-difference | description-raw-rendered-difference
/antalya-emlakci-kartvizit-baski,sector,200,True,Antalya Emlakçı Kartvizit Baskı | Gayrimenkul Danışmanı Randevu Kartı,Antalya Emlakçı Kartvizit Baskı | Gayrimenkul Danışmanı Randevu Kartı | Antalya Emlakçı Kartvizit Baskı | Gayrimenkul Danışmanı Randevu Kartı,2,1,1,rendered:title-count | rendered:description-count | rendered:canonical-count | rendered:multiple-breadcrumbs | title-raw-rendered-difference | description-raw-rendered-difference
/antalya-etiket-baski,sector,200,True,Antalya Etiket Baskı Fiyatları | Antalya Online Matbaa,Antalya Etiket Baskı Fiyatları | Antalya Online Matbaa | Antalya Etiket Baskı Fiyatları | Antalya Online Matbaa,2,1,1,rendered:title-count | rendered:description-count | rendered:canonical-count | rendered:multiple-breadcrumbs | title-raw-rendered-difference | description-raw-rendered-difference
/antalya-kartvizit-baski,sector,200,True,Antalya Kartvizit Baskı Fiyatları | Antalya Online Matbaa,Antalya Kartvizit Baskı Fiyatları | Antalya Online Matbaa | Antalya Kartvizit Baskı Fiyatları | Antalya Online Matbaa,2,1,1,rendered:title-count | rendered:description-count | rendered:canonical-count | rendered:multiple-breadcrumbs | title-raw-rendered-difference | description-raw-rendered-difference
/antalya-katalog-baski,sector,200,True,Antalya Katalog Baskı | Turizm ve İnşaat Katalogları,Antalya Katalog Baskı | Turizm ve İnşaat Katalogları | Antalya Katalog Baskı | Turizm ve İnşaat Katalogları,2,1,1,rendered:title-count | rendered:description-count | rendered:canonical-count | rendered:multiple-breadcrumbs | title-raw-rendered-difference | description-raw-rendered-difference
/antalya-kutu-baski,sector,200,True,Antalya Kutu Baskı Fiyatları | Antalya Online Matbaa,Antalya Kutu Baskı Fiyatları | Antalya Online Matbaa | Antalya Kutu Baskı Fiyatları | Antalya Online Matbaa,2,1,1,rendered:title-count | rendered:description-count | rendered:canonical-count | rendered:multiple-breadcrumbs | title-raw-rendered-difference | description-raw-rendered-difference
/antalya-magnet-baski,sector,200,True,Antalya Magnet Baskı Fiyatları | Antalya Online Matbaa,Antalya Magnet Baskı Fiyatları | Antalya Online Matbaa | Antalya Magnet Baskı Fiyatları | Antalya Online Matbaa,2,1,1,rendered:title-count | rendered:description-count | rendered:canonical-count | rendered:multiple-breadcrumbs | title-raw-rendered-difference | description-raw-rendered-difference
/antalya-matbaa,city,200,True,Antalya Matbaa & Baskı Hizmetleri | Mavi Basım,Antalya’ya Kargo ile Matbaa ve Ambalaj Baskı | Mavi Basım | Antalya Matbaa & Baskı Hizmetleri | Mavi Basım,3,0,1,raw:h1-count | rendered:title-count | rendered:description-count | rendered:canonical-count | title-raw-rendered-difference | description-raw-rendered-difference
/antetli,static,200,True,Antetli Kağıt Baskı Fiyatları | A4 ve A5 | Mavi Basım,Antetli Kağıt Baskı Fiyatları | A4 ve A5 | Mavi Basım,1,1,1,
/arac-kiralama,static,200,True,Araç Kiralama Sözleşmesi & Rent A Car Sözleşmesi Baskısı | Mavi Basım,Araç Kiralama Sözleşmesi & Rent A Car Sözleşmesi Baskısı | Mavi Basım,2,1,1,rendered:canonical-count | rendered:multiple-breadcrumbs
/ardahan-matbaa,city,200,True,Ardahan Matbaa & Baskı Hizmetleri | Mavi Basım,"Ardahan Matbaa | Kartvizit, Broşür, Kutu Baskı Fiyatları | Ardahan Matbaa & Baskı Hizmetleri | Mavi Basım",3,0,1,raw:h1-count | rendered:title-count | rendered:description-count | rendered:canonical-count | title-raw-rendered-difference | description-raw-rendered-difference
/artvin-matbaa,city,200,True,Artvin Matbaa & Baskı Hizmetleri | Mavi Basım,"Artvin Matbaa | Kartvizit, Broşür, Kutu Baskı Fiyatları | Artvin Matbaa & Baskı Hizmetleri | Mavi Basım",3,0,1,raw:h1-count | rendered:title-count | rendered:description-count | rendered:canonical-count | title-raw-rendered-difference | description-raw-rendered-difference
/aydin-matbaa,city,200,True,Aydın Matbaa & Baskı Hizmetleri | Mavi Basım,"Aydın Matbaa | Kartvizit, Broşür, Kutu Baskı Fiyatları | Aydın Matbaa & Baskı Hizmetleri | Mavi Basım",3,0,1,raw:h1-count | rendered:title-count | rendered:description-count | rendered:canonical-count | title-raw-rendered-difference | description-raw-rendered-difference
/balikesir-matbaa,city,200,True,Balıkesir Matbaa & Baskı Hizmetleri | Mavi Basım,"Balıkesir Matbaa | Etiket, Gıda Kutusu ve Broşür Baskı | Balıkesir Matbaa & Baskı Hizmetleri | Mavi Basım",3,0,1,raw:h1-count | rendered:title-count | rendered:description-count | rendered:canonical-count | title-raw-rendered-difference | description-raw-rendered-difference
/bartin-matbaa,city,200,True,Bartın Matbaa & Baskı Hizmetleri | Mavi Basım,"Bartın Matbaa | Kartvizit, Broşür, Kutu Baskı Fiyatları | Bartın Matbaa & Baskı Hizmetleri | Mavi Basım",3,0,1,raw:h1-count | rendered:title-count | rendered:description-count | rendered:canonical-count | title-raw-rendered-difference | description-raw-rendered-difference
/batman-matbaa,city,200,True,Batman Matbaa & Baskı Hizmetleri | Mavi Basım,"Batman Matbaa | Kartvizit, Broşür, Kutu Baskı Fiyatları | Batman Matbaa & Baskı Hizmetleri | Mavi Basım",3,0,1,raw:h1-count | rendered:title-count | rendered:description-count | rendered:canonical-count | title-raw-rendered-difference | description-raw-rendered-difference
/bayburt-matbaa,city,200,True,Bayburt Matbaa & Baskı Hizmetleri | Mavi Basım,"Bayburt Matbaa | Kartvizit, Broşür, Kutu Baskı Fiyatları | Bayburt Matbaa & Baskı Hizmetleri | Mavi Basım",3,0,1,raw:h1-count | rendered:title-count | rendered:description-count | rendered:canonical-count | title-raw-rendered-difference | description-raw-rendered-difference
/bilecik-matbaa,city,200,True,Bilecik Matbaa & Baskı Hizmetleri | Mavi Basım,"Bilecik Matbaa | Kartvizit, Broşür, Kutu Baskı Fiyatları | Bilecik Matbaa & Baskı Hizmetleri | Mavi Basım",3,0,1,raw:h1-count | rendered:title-count | rendered:description-count | rendered:canonical-count | title-raw-rendered-difference | description-raw-rendered-difference
/bingol-matbaa,city,200,True,Bingöl Matbaa & Baskı Hizmetleri | Mavi Basım,"Bingöl Matbaa | Kartvizit, Broşür, Kutu Baskı Fiyatları | Bingöl Matbaa & Baskı Hizmetleri | Mavi Basım",3,0,1,raw:h1-count | rendered:title-count | rendered:description-count | rendered:canonical-count | title-raw-rendered-difference | description-raw-rendered-difference
/bitlis-kutu-baski,sector,200,True,Bitlis Kutu Baskı | Markalı Bal ve Kurabiye Ambalajı,Bitlis Kutu Baskı | Markalı Bal ve Kurabiye Ambalajı | Bitlis Kutu Baskı | Markalı Bal ve Kurabiye Ambalajı,2,1,1,rendered:title-count | rendered:description-count | rendered:canonical-count | rendered:multiple-breadcrumbs | title-raw-rendered-difference | description-raw-rendered-difference
/bitlis-matbaa,city,200,True,Bitlis Matbaa & Baskı Hizmetleri | Mavi Basım,"Bitlis Matbaa | Kartvizit, Broşür ve Kutu Baskısı | Bitlis Matbaa & Baskı Hizmetleri | Mavi Basım",3,0,1,raw:h1-count | rendered:title-count | rendered:description-count | rendered:canonical-count | title-raw-rendered-difference | description-raw-rendered-difference
/bitlis-restaurant-siparis-fisi,sector,200,True,Bitlis Restoran Sipariş Fişi Baskı | Numaratörlü Otokopi Fişi,Bitlis Restoran Sipariş Fişi Baskı | Numaratörlü Otokopi Fişi | Bitlis Restoran Sipariş Fişi Baskı | Numaratörlü Otokopi Fişi,2,1,1,rendered:title-count | rendered:description-count | rendered:canonical-count | rendered:multiple-breadcrumbs | title-raw-rendered-difference | description-raw-rendered-difference
/blog,static,200,True,Kurumsal Matbaacılık ve Baskı Çözümleri Bloğu | Mavi Basım,Matbaa ve Baskı Blogu | Grafik Tasarım Rehberi - Mavi Basım | Kurumsal Matbaacılık ve Baskı Çözümleri Bloğu | Mavi Basım,2,0,1,raw:h1-count | rendered:title-count | rendered:description-count | rendered:canonical-count | title-raw-rendered-difference | description-raw-rendered-difference
/blog/115-gr-mi-135-gr-mi,blog,200,True,115 gr Kuşe mi 135 gr Kuşe mi? Broşür ve El İlanı Kağıt Seçim Rehberi - Mavi Basım,115 gr Kuşe mi 135 gr Kuşe mi? Broşür ve El İlanı... - Mavi Basım | 115 gr Kuşe mi 135 gr Kuşe mi? Broşür ve El İlanı Kağıt Seçim Rehberi - Mavi Basım,2,0,1,raw:h1-count | rendered:title-count | rendered:description-count | rendered:canonical-count | title-raw-rendered-difference | description-raw-rendered-difference
/blog/135-gr-ve-170-gr-kuse-farklari,blog,200,True,135 gr ile 170 gr Kuşe Arasındaki Farklar: Hangi Gramaj Nerede Kullanılır? - Mavi Basım,135 gr ile 170 gr Kuşe Arasındaki Farklar: Hangi ... - Mavi Basım | 135 gr ile 170 gr Kuşe Arasındaki Farklar: Hangi Gramaj Nerede Kullanılır? - Mavi Basım,2,0,1,raw:h1-count | rendered:title-count | rendered:description-count | rendered:canonical-count | title-raw-rendered-difference | description-raw-rendered-difference
/blog/adisyon-ve-makbuzlarda-otokopili-kagit,blog,200,True,Resmi Evraklarda Otokopili (Kendinden Karbonlu) Kağıt Teknolojisi - Mavi Basım,Resmi Evraklarda Otokopili (Kendinden Karbonlu) K... - Mavi Basım | Resmi Evraklarda Otokopili (Kendinden Karbonlu) Kağıt Teknolojisi - Mavi Basım,2,0,1,raw:h1-count | rendered:title-count | rendered:description-count | rendered:canonical-count | title-raw-rendered-difference | description-raw-rendered-difference
/blog/amerikan-bristol-ile-kroma-karton-farki,blog,200,True,Amerikan Bristol ile Kroma Karton Arasındaki Farklar Nelerdir? - Mavi Basım,Amerikan Bristol ile Kroma Karton Arasındaki Fark... - Mavi Basım | Amerikan Bristol ile Kroma Karton Arasındaki Farklar Nelerdir? - Mavi Basım,2,0,1,raw:h1-count | rendered:title-count | rendered:description-count | rendered:canonical-count | title-raw-rendered-difference | description-raw-rendered-difference
/blog/antetli-kagit-baskisinda-80gr-1.hamur,blog,200,True,Kurumsal Kimliğin Temeli: Antetli Kağıt Baskısında 80 gr 1. Hamur Standardı - Mavi Basım,Kurumsal Kimliğin Temeli: Antetli Kağıt Baskısınd... - Mavi Basım | Kurumsal Kimliğin Temeli: Antetli Kağıt Baskısında 80 gr 1. Hamur Standardı - Mavi Basım,2,0,1,raw:h1-count | rendered:title-count | rendered:description-count | rendered:canonical-count | title-raw-rendered-difference | description-raw-rendered-difference
/blog/baski-kalitesini-etkileyen-faktorler,blog,200,True,Baskı Kalitesini Etkileyen Faktörler ve Teknik Detaylar - Mavi Basım,Baskı Kalitesini Etkileyen Faktörler ve Teknik De... - Mavi Basım | Baskı Kalitesini Etkileyen Faktörler ve Teknik Detaylar - Mavi Basım,2,0,1,raw:h1-count | rendered:title-count | rendered:description-count | rendered:canonical-count | title-raw-rendered-difference | description-raw-rendered-difference
/blog/baski-sonrasi-islemler-nelerdir,blog,200,True,Baskı Sonrası İşlemler Nelerdir? Mücellit Süreçleri - Mavi Basım,Baskı Sonrası İşlemler Nelerdir? Mücellit Süreçleri - Mavi Basım | Baskı Sonrası İşlemler Nelerdir? Mücellit Süreçleri - Mavi Basım,2,0,1,raw:h1-count | rendered:title-count | rendered:description-count | rendered:canonical-count | title-raw-rendered-difference | description-raw-rendered-difference
/blog/baskili-urunlerle-pazarlama-markanizi-buyuten-matbaa-urunleri,blog,200,True,Baskılı Ürünlerle Pazarlama: Markanızı Büyüten Etkili Matbaa Ürünleri - Mavi Basım,Baskılı Ürünlerle Pazarlama: Markanızı Büyüten Et... - Mavi Basım | Baskılı Ürünlerle Pazarlama: Markanızı Büyüten Etkili Matbaa Ürünleri - Mavi Basım,2,0,1,raw:h1-count | rendered:title-count | rendered:description-count | rendered:canonical-count | title-raw-rendered-difference | description-raw-rendered-difference
/blog/baskiya-uygun-tasarim-nasil-hazirlanir,blog,200,True,Baskıya Uygun Tasarım Nasıl Hazırlanır? Matbaa İçin Eksiksiz Rehber - Mavi Basım,Baskıya Uygun Tasarım Nasıl Hazırlanır? Matbaa İç... - Mavi Basım | Baskıya Uygun Tasarım Nasıl Hazırlanır? Matbaa İçin Eksiksiz Rehber - Mavi Basım,2,0,1,raw:h1-count | rendered:title-count | rendered:description-count | rendered:canonical-count | title-raw-rendered-difference | description-raw-rendered-difference
/blog/brosur-baskida-en-dogru-kagit-nasil-secilir,blog,200,True,"Broşür İçin En Uygun Kağıt Hangisi? Ölçüler, Gramajlar ve Baskı Rehberi - Mavi Basım","Broşür İçin En Uygun Kağıt Hangisi? Ölçüler, Gram... - Mavi Basım | Broşür İçin En Uygun Kağıt Hangisi? Ölçüler, Gramajlar ve Baskı Rehberi - Mavi Basım",2,0,1,raw:h1-count | rendered:title-count | rendered:description-count | rendered:canonical-count | title-raw-rendered-difference | description-raw-rendered-difference
/blog/brosur-katlama-kirim-modelleri-nelerdir,blog,200,True,Broşür Katlama (Kırım) Modelleri Nelerdir? Katlama Akış Kılavuzu - Mavi Basım,Broşür Katlama (Kırım) Modelleri Nelerdir? Katlam... - Mavi Basım | Broşür Katlama (Kırım) Modelleri Nelerdir? Katlama Akış Kılavuzu - Mavi Basım,2,0,1,raw:h1-count | rendered:title-count | rendered:description-count | rendered:canonical-count | title-raw-rendered-difference | description-raw-rendered-difference
/blog/cmyk-ofset-baski-ve-tasima-payi-rehberi,blog,200,True,"Matbaa Baskı Öncesi Dosya Hazırlama: CMYK Renk, 300 DPI ve Taşma Payı Rehberi - Mavi Basım","Matbaa Baskı Öncesi Dosya Hazırlama: CMYK Renk, 3... - Mavi Basım | Matbaa Baskı Öncesi Dosya Hazırlama: CMYK Renk, 300 DPI ve Taşma Payı Rehberi - Mavi Basım",2,0,1,raw:h1-count | rendered:title-count | rendered:description-count | rendered:canonical-count | title-raw-rendered-difference | description-raw-rendered-difference
/blog/e-ticaret-ve-kargo-gonderi-kutusu-tasarimi,blog,200,True,E-Ticaret ve Kargo Gönderi Kutusu Tasarımı: Dayanıklı ve Şık Unboxing - Mavi Basım,E-Ticaret ve Kargo Gönderi Kutusu Tasarımı: Dayan... - Mavi Basım | E-Ticaret ve Kargo Gönderi Kutusu Tasarımı: Dayanıklı ve Şık Unboxing - Mavi Basım,2,0,1,raw:h1-count | rendered:title-count | rendered:description-count | rendered:canonical-count | title-raw-rendered-difference | description-raw-rendered-difference
/blog/el-ilani-dagitimi-ise-yariyor-mu,blog,200,True,El İlanı Dağıtımı İşe Yarıyor mu? Bölgesel Reklamın Geri Dönüş Oranları - Mavi Basım,El İlanı Dağıtımı İşe Yarıyor mu? Bölgesel Reklam... - Mavi Basım | El İlanı Dağıtımı İşe Yarıyor mu? Bölgesel Reklamın Geri Dönüş Oranları - Mavi Basım,2,0,1,raw:h1-count | rendered:title-count | rendered:description-count | rendered:canonical-count | title-raw-rendered-difference | description-raw-rendered-difference
/blog/emlak-yer-gosterme-belgesi-nedir,blog,200,True,Yer Gösterme Belgesi Baskısı | Otokopili NCR Koçan Baskı - Mavi Basım,Yer Gösterme Belgesi Baskısı | Otokopili NCR Koça... - Mavi Basım | Yer Gösterme Belgesi Baskısı | Otokopili NCR Koçan Baskı - Mavi Basım,2,0,1,raw:h1-count | rendered:title-count | rendered:description-count | rendered:canonical-count | title-raw-rendered-difference | description-raw-rendered-difference
/blog/etiket-baskida-rulo-mu-tabaka-mi,blog,200,True,Rulo Etiket mi Tabaka Etiket mi? Ambalajınıza En Uygun Ürün Seçimi - Mavi Basım,Rulo Etiket mi Tabaka Etiket mi? Ambalajınıza En ... - Mavi Basım | Rulo Etiket mi Tabaka Etiket mi? Ambalajınıza En Uygun Ürün Seçimi - Mavi Basım,2,0,1,raw:h1-count | rendered:title-count | rendered:description-count | rendered:canonical-count | title-raw-rendered-difference | description-raw-rendered-difference
/blog/etiketlerin-yapisan-yuzeylerin-mukavemeti,blog,200,True,"PP Opak, Şeffaf ve Kuşe Etiketlerde Yapışkan Mukavemeti Analizleri - Mavi Basım","PP Opak, Şeffaf ve Kuşe Etiketlerde Yapışkan Muka... - Mavi Basım | PP Opak, Şeffaf ve Kuşe Etiketlerde Yapışkan Mukavemeti Analizleri - Mavi Basım",2,0,1,raw:h1-count | rendered:title-count | rendered:description-count | rendered:canonical-count | title-raw-rendered-difference | description-raw-rendered-difference
/blog/fast-food-ve-restoran-ambalaj-kutulari-secim-rehberi,blog,200,True,"Fast Food ve Restoran Ambalaj Kutuları Seçim Rehberi: Hamburger, Dürüm, Tatlı ve Cips Kutusu - Mavi Basım","Fast Food ve Restoran Ambalaj Kutuları Seçim Rehb... - Mavi Basım | Fast Food ve Restoran Ambalaj Kutuları Seçim Rehberi: Hamburger, Dürüm, Tatlı ve Cips Kutusu - Mavi Basım",2,0,1,raw:h1-count | rendered:title-count | rendered:description-count | rendered:canonical-count | title-raw-rendered-difference | description-raw-rendered-difference
/blog/gida-kutularinda-karton-secimi,blog,200,True,Gıda Kutularında Sağlıklı ve Hijyenik Karton Seçimi - Mavi Basım,Gıda Kutularında Sağlıklı ve Hijyenik Karton Seçimi - Mavi Basım | Gıda Kutularında Sağlıklı ve Hijyenik Karton Seçimi - Mavi Basım,2,0,1,raw:h1-count | rendered:title-count | rendered:description-count | rendered:canonical-count | title-raw-rendered-difference | description-raw-rendered-difference
/blog/hizli-uretim-sureci-nasil-planlanir,blog,200,True,Hızlı Üretim Süreci Nasıl Planlanır? Acil Matbaa ve Hızlı Baskı Çözümleri - Mavi Basım,Hızlı Üretim Süreci Nasıl Planlanır? Acil Matbaa ... - Mavi Basım | Hızlı Üretim Süreci Nasıl Planlanır? Acil Matbaa ve Hızlı Baskı Çözümleri - Mavi Basım,2,0,1,raw:h1-count | rendered:title-count | rendered:description-count | rendered:canonical-count | title-raw-rendered-difference | description-raw-rendered-difference
/blog/istanbul-topkapi-karton-kutu-ureticisi-toptan-imalat,blog,200,True,İstanbul Topkapı Karton Kutu Üreticisi ile Toptan Ambalaj İmalat Avantajları - Mavi Basım,İstanbul Topkapı Karton Kutu Üreticisi ile Toptan... - Mavi Basım | İstanbul Topkapı Karton Kutu Üreticisi ile Toptan Ambalaj İmalat Avantajları - Mavi Basım,2,0,1,raw:h1-count | rendered:title-count | rendered:description-count | rendered:canonical-count | title-raw-rendered-difference | description-raw-rendered-difference
/blog/kabartma-lak-ve-gofre-baski-nedir,blog,200,True,"Kabartma Lak, Gofre ve Varak Yaldız Nedir? Premium Kartvizit Detayları - Mavi Basım","Kabartma Lak, Gofre ve Varak Yaldız Nedir? Premiu... - Mavi Basım | Kabartma Lak, Gofre ve Varak Yaldız Nedir? Premium Kartvizit Detayları - Mavi Basım",2,0,1,raw:h1-count | rendered:title-count | rendered:description-count | rendered:canonical-count | title-raw-rendered-difference | description-raw-rendered-difference
/blog/kaliteli-baski-nasil-anlasilir,blog,200,True,Kaliteli Baskı Nasıl Anlaşılır? Profesyonel Matbaa Seçim Rehberi - Mavi Basım,Kaliteli Baskı Nasıl Anlaşılır? Profesyonel Matba... - Mavi Basım | Kaliteli Baskı Nasıl Anlaşılır? Profesyonel Matbaa Seçim Rehberi - Mavi Basım,2,0,1,raw:h1-count | rendered:title-count | rendered:description-count | rendered:canonical-count | title-raw-rendered-difference | description-raw-rendered-difference
/blog/kartvizit-tasarimi-ve-baski-rehberi,blog,200,True,Profesyonel Kartvizit Tasarımı ve Baskı Rehberi: Standart Ölçüler ve Kağıt Seçimi - Mavi Basım,Profesyonel Kartvizit Tasarımı ve Baskı Rehberi: ... - Mavi Basım | Profesyonel Kartvizit Tasarımı ve Baskı Rehberi: Standart Ölçüler ve Kağıt Seçimi - Mavi Basım,2,0,1,raw:h1-count | rendered:title-count | rendered:description-count | rendered:canonical-count | title-raw-rendered-difference | description-raw-rendered-difference
/blog/kartvizit-tasarlar-iken-yapilan-hatalar,blog,200,True,Kartvizit Tasarlarken Yapılan En Sık 7 Hata ve Çözüm Yolları - Mavi Basım,Kartvizit Tasarlarken Yapılan En Sık 7 Hata ve Çö... - Mavi Basım | Kartvizit Tasarlarken Yapılan En Sık 7 Hata ve Çözüm Yolları - Mavi Basım,2,0,1,raw:h1-count | rendered:title-count | rendered:description-count | rendered:canonical-count | title-raw-rendered-difference | description-raw-rendered-difference
/blog/kartvizitte-mat-mi-parlak-mi,blog,200,True,Kartvizit Baskısında Mat Selefon mu Parlak Selefon mu Tercih Edilmeli? - Mavi Basım,Kartvizit Baskısında Mat Selefon mu Parlak Selefo... - Mavi Basım | Kartvizit Baskısında Mat Selefon mu Parlak Selefon mu Tercih Edilmeli? - Mavi Basım,2,0,1,raw:h1-count | rendered:title-count | rendered:description-count | rendered:canonical-count | title-raw-rendered-difference | description-raw-rendered-difference
/blog/kozmetik-kutusu-tasarim-rehberi,blog,200,True,Kozmetik Kutusu Tasarım Rehberi: Lüks ve Şık Ambalaj Sırları - Mavi Basım,Kozmetik Kutusu Tasarım Rehberi: Lüks ve Şık Amba... - Mavi Basım | Kozmetik Kutusu Tasarım Rehberi: Lüks ve Şık Ambalaj Sırları - Mavi Basım,2,0,1,raw:h1-count | rendered:title-count | rendered:description-count | rendered:canonical-count | title-raw-rendered-difference | description-raw-rendered-difference
/blog/kutu-baskida-en-cok-tercih-edilen-modeller,blog,200,True,Kutu Baskıda En Çok Tercih Edilen Karton Modelleri ve Kalite Farkları - Mavi Basım,Kutu Baskıda En Çok Tercih Edilen Karton Modeller... - Mavi Basım | Kutu Baskıda En Çok Tercih Edilen Karton Modelleri ve Kalite Farkları - Mavi Basım,2,0,1,raw:h1-count | rendered:title-count | rendered:description-count | rendered:canonical-count | title-raw-rendered-difference | description-raw-rendered-difference
/blog/kutu-bicak-izi-nedir-nasil-hazirlanir,blog,200,True,Kutu Bıçak İzi Nedir ve Baskıya Hazır Bıçak Şablonu Nasıl Hazırlanır? - Mavi Basım,Kutu Bıçak İzi Nedir ve Baskıya Hazır Bıçak Şablo... - Mavi Basım | Kutu Bıçak İzi Nedir ve Baskıya Hazır Bıçak Şablonu Nasıl Hazırlanır? - Mavi Basım,2,0,1,raw:h1-count | rendered:title-count | rendered:description-count | rendered:canonical-count | title-raw-rendered-difference | description-raw-rendered-difference
/blog/kutu-gramaji-nasil-secilir,blog,200,True,Kutu Gramajı Nasıl Seçilir? 230gr - 400gr Karton Seçim Rehberi - Mavi Basım,Kutu Gramajı Nasıl Seçilir? 230gr - 400gr Karton ... - Mavi Basım | Kutu Gramajı Nasıl Seçilir? 230gr - 400gr Karton Seçim Rehberi - Mavi Basım,2,0,1,raw:h1-count | rendered:title-count | rendered:description-count | rendered:canonical-count | title-raw-rendered-difference | description-raw-rendered-difference
/blog/kutu-tasima-dayanimi-nasil-hesaplanir,blog,200,True,Kutu Taşıma Dayanımı ve Karton Mukavemeti Nasıl Hesaplanır? - Mavi Basım,Kutu Taşıma Dayanımı ve Karton Mukavemeti Nasıl H... - Mavi Basım | Kutu Taşıma Dayanımı ve Karton Mukavemeti Nasıl Hesaplanır? - Mavi Basım,2,0,1,raw:h1-count | rendered:title-count | rendered:description-count | rendered:canonical-count | title-raw-rendered-difference | description-raw-rendered-difference
/blog/kuve-kagit-ve-bristol-karton-farklari,blog,200,True,Kuşe Kağıt ile Bristol Karton Arasındaki Dokusal ve Teknik Farklar - Mavi Basım,Kuşe Kağıt ile Bristol Karton Arasındaki Dokusal ... - Mavi Basım | Kuşe Kağıt ile Bristol Karton Arasındaki Dokusal ve Teknik Farklar - Mavi Basım,2,0,1,raw:h1-count | rendered:title-count | rendered:description-count | rendered:canonical-count | title-raw-rendered-difference | description-raw-rendered-difference
/blog/lak-cesitleri-lokal-uv-drip-off,blog,200,True,"Kutu Baskıda Lak Çeşitleri: Lokal UV, Drip Off ve Dispersiyon Lak - Mavi Basım","Kutu Baskıda Lak Çeşitleri: Lokal UV, Drip Off ve... - Mavi Basım | Kutu Baskıda Lak Çeşitleri: Lokal UV, Drip Off ve Dispersiyon Lak - Mavi Basım",2,0,1,raw:h1-count | rendered:title-count | rendered:description-count | rendered:canonical-count | title-raw-rendered-difference | description-raw-rendered-difference
/blog/lak-nedir,blog,200,True,Lak Nedir? Lokal Lak ve Kabartma Lak Uygulamaları - Mavi Basım,Lak Nedir? Lokal Lak ve Kabartma Lak Uygulamaları - Mavi Basım | Lak Nedir? Lokal Lak ve Kabartma Lak Uygulamaları - Mavi Basım,2,0,1,raw:h1-count | rendered:title-count | rendered:description-count | rendered:canonical-count | title-raw-rendered-difference | description-raw-rendered-difference
/blog/lakli-kabartmali-kartvizit-rehberi,blog,200,True,Lüks ve Kabartma Laklı Kartvizit Baskı Rehberi: Özel Efektler ve Fiyatlar - Mavi Basım,Lüks ve Kabartma Laklı Kartvizit Baskı Rehberi: Ö... - Mavi Basım | Lüks ve Kabartma Laklı Kartvizit Baskı Rehberi: Özel Efektler ve Fiyatlar - Mavi Basım,2,0,1,raw:h1-count | rendered:title-count | rendered:description-count | rendered:canonical-count | title-raw-rendered-difference | description-raw-rendered-difference
/blog/lokantalar-icin-amerikan-servis-ebatlari,blog,200,True,Lokantalar ve Kafeler İçin İdeal Amerikan Servis Ebatları ve Kağıt Türleri - Mavi Basım,Lokantalar ve Kafeler İçin İdeal Amerikan Servis ... - Mavi Basım | Lokantalar ve Kafeler İçin İdeal Amerikan Servis Ebatları ve Kağıt Türleri - Mavi Basım,2,0,1,raw:h1-count | rendered:title-count | rendered:description-count | rendered:canonical-count | title-raw-rendered-difference | description-raw-rendered-difference
/blog/luks-parfum-ve-taki-kutularinda-sicak-varak-yaldiz-ve-gofre,blog,200,True,"Lüks Parfüm, Kozmetik ve Takı Kutularında Sıcak Varak Yaldiz ve Gofre - Mavi Basım","Lüks Parfüm, Kozmetik ve Takı Kutularında Sıcak V... - Mavi Basım | Lüks Parfüm, Kozmetik ve Takı Kutularında Sıcak Varak Yaldiz ve Gofre - Mavi Basım",2,0,1,raw:h1-count | rendered:title-count | rendered:description-count | rendered:canonical-count | title-raw-rendered-difference | description-raw-rendered-difference
/blog/magnet-baski-musteri-kazandirir-mi,blog,200,True,Magnet Baskı Müşteri Kazandırır mı? Doğrudan Lokasyon Pazarlaması - Mavi Basım,Magnet Baskı Müşteri Kazandırır mı? Doğrudan Loka... - Mavi Basım | Magnet Baskı Müşteri Kazandırır mı? Doğrudan Lokasyon Pazarlaması - Mavi Basım,2,0,1,raw:h1-count | rendered:title-count | rendered:description-count | rendered:canonical-count | title-raw-rendered-difference | description-raw-rendered-difference
/blog/magnet-baski-olculeri-ve-tasarim-rehberi,blog,200,True,"Buzdolabı Magneti Ölçüleri, Bıçak Çizgileri ve Tasarım Rehberi - Mavi Basım","Buzdolabı Magneti Ölçüleri, Bıçak Çizgileri ve Ta... - Mavi Basım | Buzdolabı Magneti Ölçüleri, Bıçak Çizgileri ve Tasarım Rehberi - Mavi Basım",2,0,1,raw:h1-count | rendered:title-count | rendered:description-count | rendered:canonical-count | title-raw-rendered-difference | description-raw-rendered-difference
/blog/matbaa-fiyatlarini-neler-belirler,blog,200,True,Matbaa Fiyatlarını Neler Belirler? Uygun Maliyetli Baskı İpuçları - Mavi Basım,Matbaa Fiyatlarını Neler Belirler? Uygun Maliyetl... - Mavi Basım | Matbaa Fiyatlarını Neler Belirler? Uygun Maliyetli Baskı İpuçları - Mavi Basım,2,0,1,raw:h1-count | rendered:title-count | rendered:description-count | rendered:canonical-count | title-raw-rendered-difference | description-raw-rendered-difference
/blog/ofset-baski-ile-dijital-baski-farklari,blog,200,True,Dijital Baskı ile Ofset Baskı Arasındaki Farklar - Mavi Basım,Dijital Baskı ile Ofset Baskı Arasındaki Farklar - Mavi Basım | Dijital Baskı ile Ofset Baskı Arasındaki Farklar - Mavi Basım,2,0,1,raw:h1-count | rendered:title-count | rendered:description-count | rendered:canonical-count | title-raw-rendered-difference | description-raw-rendered-difference
/blog/ofset-baski-nasil-yapilir,blog,200,True,Ofset Baskı Nasıl Yapılır? Teknik Üretim Aşamaları - Mavi Basım,Ofset Baskı Nasıl Yapılır? Teknik Üretim Aşamaları - Mavi Basım | Ofset Baskı Nasıl Yapılır? Teknik Üretim Aşamaları - Mavi Basım,2,0,1,raw:h1-count | rendered:title-count | rendered:description-count | rendered:canonical-count | title-raw-rendered-difference | description-raw-rendered-difference
/blog/ofset-kutu-baski-nasil-yapilir,blog,200,True,Ofset Kutu Baskı Nasıl Yapılır? Adım Adım Ambalaj İmalat Süreci - Mavi Basım,Ofset Kutu Baskı Nasıl Yapılır? Adım Adım Ambalaj... - Mavi Basım | Ofset Kutu Baskı Nasıl Yapılır? Adım Adım Ambalaj İmalat Süreci - Mavi Basım,2,0,1,raw:h1-count | rendered:title-count | rendered:description-count | rendered:canonical-count | title-raw-rendered-difference | description-raw-rendered-difference
/blog/online-matbaa-siparislerinde-nakliye-surecleri,blog,200,True,Online Matbaacılık Siparişlerinde Topkapı’dan Kapıya Nakliye Kriterleri - Mavi Basım,Online Matbaacılık Siparişlerinde Topkapı’dan Kap... - Mavi Basım | Online Matbaacılık Siparişlerinde Topkapı’dan Kapıya Nakliye Kriterleri - Mavi Basım,2,0,1,raw:h1-count | rendered:title-count | rendered:description-count | rendered:canonical-count | title-raw-rendered-difference | description-raw-rendered-difference
/blog/oto-paspas-baskida-emici-kraft-farki,blog,200,True,Oto Paspas Baskısında Emici Kraft Kağıt ve Sülfit Kağıt Farkları - Mavi Basım,Oto Paspas Baskısında Emici Kraft Kağıt ve Sülfit... - Mavi Basım | Oto Paspas Baskısında Emici Kraft Kağıt ve Sülfit Kağıt Farkları - Mavi Basım,2,0,1,raw:h1-count | rendered:title-count | rendered:description-count | rendered:canonical-count | title-raw-rendered-difference | description-raw-rendered-difference
/blog/otomatik-kilit-dip-ve-ters-kilit-dip-kutu-farklari,blog,200,True,Otomatik Kilit Dip (Oto Kilit) ile Ters Kilit Dip Kutu Farkları - Mavi Basım,Otomatik Kilit Dip (Oto Kilit) ile Ters Kilit Dip... - Mavi Basım | Otomatik Kilit Dip (Oto Kilit) ile Ters Kilit Dip Kutu Farkları - Mavi Basım,2,0,1,raw:h1-count | rendered:title-count | rendered:description-count | rendered:canonical-count | title-raw-rendered-difference | description-raw-rendered-difference
/blog/paket-servis-icin-magnet-rehberi,blog,200,True,Paket Servis Yapan İşletmeler İçin Adım Adım Magnet Tasarım Rehberi - Mavi Basım,Paket Servis Yapan İşletmeler İçin Adım Adım Magn... - Mavi Basım | Paket Servis Yapan İşletmeler İçin Adım Adım Magnet Tasarım Rehberi - Mavi Basım,2,0,1,raw:h1-count | rendered:title-count | rendered:description-count | rendered:canonical-count | title-raw-rendered-difference | description-raw-rendered-difference
/blog/pencereli-asetatli-kutu-uretim-teknikleri,blog,200,True,"Pencereli Asetatlı Kutu Üretim Teknikleri: Kurabiye, Sabun ve Hediyelik Kutusu - Mavi Basım","Pencereli Asetatlı Kutu Üretim Teknikleri: Kurabi... - Mavi Basım | Pencereli Asetatlı Kutu Üretim Teknikleri: Kurabiye, Sabun ve Hediyelik Kutusu - Mavi Basım",2,0,1,raw:h1-count | rendered:title-count | rendered:description-count | rendered:canonical-count | title-raw-rendered-difference | description-raw-rendered-difference
/blog/restoran-ve-paket-servis-icin-magnet-baski-onemi,blog,200,True,Paket Servis ve Restoranlarda Magnet Baskının Önemi ve Satış Etkisi - Mavi Basım,Paket Servis ve Restoranlarda Magnet Baskının Öne... - Mavi Basım | Paket Servis ve Restoranlarda Magnet Baskının Önemi ve Satış Etkisi - Mavi Basım,2,0,1,raw:h1-count | rendered:title-count | rendered:description-count | rendered:canonical-count | title-raw-rendered-difference | description-raw-rendered-difference
/blog/restoranlar-icin-en-etkili-reklam-urunleri,blog,200,True,Restoranlar İçin En Etkili Çevrimdışı Reklam Ürünleri ve Kombinasyonları - Mavi Basım,Restoranlar İçin En Etkili Çevrimdışı Reklam Ürün... - Mavi Basım | Restoranlar İçin En Etkili Çevrimdışı Reklam Ürünleri ve Kombinasyonları - Mavi Basım,2,0,1,raw:h1-count | rendered:title-count | rendered:description-count | rendered:canonical-count | title-raw-rendered-difference | description-raw-rendered-difference
/blog/selefon-cesitleri-ve-ozellikleri,blog,200,True,"Ambalaj ve Kutularda Selefon Çeşitleri: Mat, Parlak ve Soft Touch Farkı - Mavi Basım","Ambalaj ve Kutularda Selefon Çeşitleri: Mat, Parl... - Mavi Basım | Ambalaj ve Kutularda Selefon Çeşitleri: Mat, Parlak ve Soft Touch Farkı - Mavi Basım",2,0,1,raw:h1-count | rendered:title-count | rendered:description-count | rendered:canonical-count | title-raw-rendered-difference | description-raw-rendered-difference
/blog/selefon-nedir,blog,200,True,Selefon Nedir? Mat ve Parlak Selefon Farkları - Mavi Basım,Selefon Nedir? Mat ve Parlak Selefon Farkları - Mavi Basım | Selefon Nedir? Mat ve Parlak Selefon Farkları - Mavi Basım,2,0,1,raw:h1-count | rendered:title-count | rendered:description-count | rendered:canonical-count | title-raw-rendered-difference | description-raw-rendered-difference
/blog/varak-baski-nedir,blog,200,True,Varak Baskı Nedir? Altın ve Gümüş Yaldız Teknikleri - Mavi Basım,Varak Baskı Nedir? Altın ve Gümüş Yaldız Teknikleri - Mavi Basım | Varak Baskı Nedir? Altın ve Gümüş Yaldız Teknikleri - Mavi Basım,2,0,1,raw:h1-count | rendered:title-count | rendered:description-count | rendered:canonical-count | title-raw-rendered-difference | description-raw-rendered-difference
/blog/zarf-baskisinda-diplomat-ve-torba-zarf,blog,200,True,"Zarf Baskısında Diplomat Zarf, Torba Zarf ve Silikon Yapışkan Çeşitleri - Mavi Basım","Zarf Baskısında Diplomat Zarf, Torba Zarf ve Sili... - Mavi Basım | Zarf Baskısında Diplomat Zarf, Torba Zarf ve Silikon Yapışkan Çeşitleri - Mavi Basım",2,0,1,raw:h1-count | rendered:title-count | rendered:description-count | rendered:canonical-count | title-raw-rendered-difference | description-raw-rendered-difference
/bloknot,static,200,False,Bloknot Defter Baskı Fiyatları | Spiralli & Tutkallı Notluk - Mavi Basım,Bloknot Defter Baskı Fiyatları | Spiralli & Tutkallı Notluk - Mavi Basım,1,1,1,redirect-response | rendered:canonical-target
/bloknotlar,static,200,True,Bloknot Baskı Fiyatları | Kapaklı ve Tutkallı Bloknot - Mavi Basım,Bloknot Baskı Fiyatları | Kapaklı ve Tutkallı Bloknot - Mavi Basım,1,1,1,
/bolu-matbaa,city,200,True,Bolu Matbaa & Baskı Hizmetleri | Mavi Basım,"Bolu Matbaa | Kartvizit, Broşür, Kutu Baskı Fiyatları | Bolu Matbaa & Baskı Hizmetleri | Mavi Basım",3,0,1,raw:h1-count | rendered:title-count | rendered:description-count | rendered:canonical-count | title-raw-rendered-difference | description-raw-rendered-difference
/brosur,static,200,True,"Broşür Baskı Fiyatları | A4, A5 ve Katlamalı Broşür","Broşür Baskı Fiyatları | A4, A5 ve Katlamalı Broşür | Broşür Baskı Fiyatları | A4, A5 ve Katlamalı Broşür",3,1,1,rendered:title-count | rendered:description-count | rendered:canonical-count | rendered:multiple-breadcrumbs | title-raw-rendered-difference | description-raw-rendered-difference
/brosur-baski-fiyatlari,sector,200,True,Kuşe Broşür Baskı Fiyatları | 115 gr & 135 gr Katlama Seçenekleri,Kuşe Broşür Baskı Fiyatları | 115 gr & 135 gr Katlama Seçenekleri | Kuşe Broşür Baskı Fiyatları | 115 gr & 135 gr Katlama Seçenekleri,2,1,1,rendered:title-count | rendered:description-count | rendered:canonical-count | rendered:multiple-breadcrumbs | title-raw-rendered-difference | description-raw-rendered-difference
/burdur-matbaa,city,200,True,Burdur Matbaa & Baskı Hizmetleri | Mavi Basım,"Burdur Matbaa | Kartvizit, Broşür, Kutu Baskı Fiyatları | Burdur Matbaa & Baskı Hizmetleri | Mavi Basım",3,0,1,raw:h1-count | rendered:title-count | rendered:description-count | rendered:canonical-count | title-raw-rendered-difference | description-raw-rendered-difference
/bursa-brosur-baski,sector,200,True,Bursa Broşür Baskı Fiyatları | Bursa Online Matbaa,Bursa Broşür Baskı Fiyatları | Bursa Online Matbaa | Bursa Broşür Baskı Fiyatları | Bursa Online Matbaa,2,1,1,rendered:title-count | rendered:description-count | rendered:canonical-count | rendered:multiple-breadcrumbs | title-raw-rendered-difference | description-raw-rendered-difference
/bursa-etiket-baski,sector,200,True,Bursa Etiket Baskı Fiyatları | Bursa Online Matbaa,Bursa Etiket Baskı Fiyatları | Bursa Online Matbaa | Bursa Etiket Baskı Fiyatları | Bursa Online Matbaa,2,1,1,rendered:title-count | rendered:description-count | rendered:canonical-count | rendered:multiple-breadcrumbs | title-raw-rendered-difference | description-raw-rendered-difference
/bursa-kartvizit-baski,sector,200,True,Bursa Kartvizit Baskı Fiyatları | Bursa Online Matbaa,Bursa Kartvizit Baskı Fiyatları | Bursa Online Matbaa | Bursa Kartvizit Baskı Fiyatları | Bursa Online Matbaa,2,1,1,rendered:title-count | rendered:description-count | rendered:canonical-count | rendered:multiple-breadcrumbs | title-raw-rendered-difference | description-raw-rendered-difference
/bursa-katalog-baski,sector,200,True,Bursa Katalog Baskı Fiyatları | Bursa Online Matbaa,Bursa Katalog Baskı Fiyatları | Bursa Online Matbaa | Bursa Katalog Baskı Fiyatları | Bursa Online Matbaa,2,1,1,rendered:title-count | rendered:description-count | rendered:canonical-count | rendered:multiple-breadcrumbs | title-raw-rendered-difference | description-raw-rendered-difference
/bursa-kutu-baski,sector,200,True,Bursa Kutu Baskı Fiyatları | Bursa Online Matbaa,Bursa Kutu Baskı Fiyatları | Bursa Online Matbaa | Bursa Kutu Baskı Fiyatları | Bursa Online Matbaa,2,1,1,rendered:title-count | rendered:description-count | rendered:canonical-count | rendered:multiple-breadcrumbs | title-raw-rendered-difference | description-raw-rendered-difference
/bursa-magnet-baski,sector,200,True,Bursa Magnet Baskı Fiyatları | Bursa Online Matbaa,Bursa Magnet Baskı Fiyatları | Bursa Online Matbaa | Bursa Magnet Baskı Fiyatları | Bursa Online Matbaa,2,1,1,rendered:title-count | rendered:description-count | rendered:canonical-count | rendered:multiple-breadcrumbs | title-raw-rendered-difference | description-raw-rendered-difference
/bursa-matbaa,city,200,True,Bursa Matbaa & Baskı Hizmetleri | Mavi Basım,"Bursa Matbaa | Kartvizit, Broşür, Kutu Baskı Fiyatları | Bursa Matbaa & Baskı Hizmetleri | Mavi Basım",3,0,1,raw:h1-count | rendered:title-count | rendered:description-count | rendered:canonical-count | title-raw-rendered-difference | description-raw-rendered-difference
/canakkale-matbaa,city,200,True,Çanakkale Matbaa & Baskı Hizmetleri | Mavi Basım,"Çanakkale Matbaa | Etiket, Menü ve Broşür Baskı | Çanakkale Matbaa & Baskı Hizmetleri | Mavi Basım",3,0,1,raw:h1-count | rendered:title-count | rendered:description-count | rendered:canonical-count | title-raw-rendered-difference | description-raw-rendered-difference
/cankiri-matbaa,city,200,True,Çankırı Matbaa & Baskı Hizmetleri | Mavi Basım,"Çankırı Matbaa | Kartvizit, Broşür, Kutu Baskı Fiyatları | Çankırı Matbaa & Baskı Hizmetleri | Mavi Basım",3,0,1,raw:h1-count | rendered:title-count | rendered:description-count | rendered:canonical-count | title-raw-rendered-difference | description-raw-rendered-difference
/cerez-politikasi,static,404,False,404 Sayfa Bulunamadı | Mavi Basım,Çerez Politikası ve Cookie Yönetimi | Mavi Basım Matbaa | 404 Sayfa Bulunamadı | Mavi Basım,3,1,1,http-status | raw:noindex | rendered:title-count | rendered:description-count | rendered:canonical-count | rendered:noindex | rendered:multiple-breadcrumbs | rendered:duplicate-schema-id | title-raw-rendered-difference | description-raw-rendered-difference
/cilt-isleri,static,200,True,Cilt İşleri ve Mücellit Hizmetleri | Mavi Basım Topkapı,Cilt İşleri ve Form Baskıları - Mavi Basım | Cilt İşleri ve Mücellit Hizmetleri | Mavi Basım Topkapı,2,0,1,raw:h1-count | rendered:title-count | rendered:description-count | rendered:canonical-count | title-raw-rendered-difference | description-raw-rendered-difference
/corum-matbaa,city,200,True,Çorum Matbaa & Baskı Hizmetleri | Mavi Basım,"Çorum Matbaa | Katalog, Etiket ve Kutu Baskısı | Çorum Matbaa & Baskı Hizmetleri | Mavi Basım",3,0,1,raw:h1-count | rendered:title-count | rendered:description-count | rendered:canonical-count | title-raw-rendered-difference | description-raw-rendered-difference
/denizli-matbaa,city,200,True,Denizli Matbaa & Baskı Hizmetleri | Mavi Basım,"Denizli Matbaa | Kartvizit, Broşür, Kutu Baskı Fiyatları | Denizli Matbaa & Baskı Hizmetleri | Mavi Basım",3,0,1,raw:h1-count | rendered:title-count | rendered:description-count | rendered:canonical-count | title-raw-rendered-difference | description-raw-rendered-difference
/diyarbakir-matbaa,city,200,True,Diyarbakır Matbaa & Baskı Hizmetleri | Mavi Basım,"Diyarbakır Matbaa | Kartvizit, Broşür, Kutu Baskı Fiyatları | Diyarbakır Matbaa & Baskı Hizmetleri | Mavi Basım",3,0,1,raw:h1-count | rendered:title-count | rendered:description-count | rendered:canonical-count | title-raw-rendered-difference | description-raw-rendered-difference
/dosyalar,static,200,True,Cepli Dosya Baskı Fiyatları | Kuşe ve Selefon | Mavi Basım,Cepli Dosya Baskı Fiyatları | Kuşe ve Selefon | Mavi Basım,1,1,1,
/duzce-matbaa,city,200,True,Düzce Matbaa & Baskı Hizmetleri | Mavi Basım,"Düzce Matbaa | Kartvizit, Broşür, Kutu Baskı Fiyatları | Düzce Matbaa & Baskı Hizmetleri | Mavi Basım",3,0,1,raw:h1-count | rendered:title-count | rendered:description-count | rendered:canonical-count | title-raw-rendered-difference | description-raw-rendered-difference
/edirne-matbaa,city,200,True,Edirne Matbaa & Baskı Hizmetleri | Mavi Basım,"Edirne Matbaa | Kartvizit, Broşür, Kutu Baskı Fiyatları | Edirne Matbaa & Baskı Hizmetleri | Mavi Basım",3,0,1,raw:h1-count | rendered:title-count | rendered:description-count | rendered:canonical-count | title-raw-rendered-difference | description-raw-rendered-difference
/el-ilani,static,200,True,"El İlanı Baskı Fiyatları | A3, A4, A5 ve Dar Ebat","El İlanı Baskı Fiyatları | A3, A4, A5 ve Dar Ebat | El İlanı Baskı Fiyatları | A3, A4, A5 ve Dar Ebat",3,1,1,rendered:title-count | rendered:description-count | rendered:canonical-count | rendered:multiple-breadcrumbs | title-raw-rendered-difference | description-raw-rendered-difference
/elazig-magnet-baski,sector,200,True,Elazığ Magnet Baskı | Orcik Üreticileri & Yöresel Peynirciler,Elazığ Magnet Baskı | Orcik Üreticileri & Yöresel Peynirciler | Elazığ Magnet Baskı | Orcik Üreticileri & Yöresel Peynirciler,2,1,1,rendered:title-count | rendered:description-count | rendered:canonical-count | rendered:multiple-breadcrumbs | title-raw-rendered-difference | description-raw-rendered-difference
/elazig-matbaa,city,200,True,Elazığ Matbaa & Baskı Hizmetleri | Mavi Basım,"Elazığ Matbaa | Kartvizit, Broşür, Kutu Baskı Fiyatları | Elazığ Matbaa & Baskı Hizmetleri | Mavi Basım",3,0,1,raw:h1-count | rendered:title-count | rendered:description-count | rendered:canonical-count | title-raw-rendered-difference | description-raw-rendered-difference
/emlak-afis-baski,sector,200,True,Emlak Afiş Baskı | Yırtılmaz Branda ve Bez Emlak Afişleri,Emlak Afiş Baskı | Yırtılmaz Branda ve Bez Emlak Afişleri | Emlak Afiş Baskı | Yırtılmaz Branda ve Bez Emlak Afişleri,2,1,1,rendered:title-count | rendered:description-count | rendered:canonical-count | rendered:multiple-breadcrumbs | title-raw-rendered-difference | description-raw-rendered-difference
/emlakci-kartvizit,sector,200,True,Emlakçı Kartvizit Baskı | Lüks Kabartmalı Gayrimenkul Kartları,Emlakçı Kartvizit Baskı | Lüks Kabartmalı Gayrimenkul Kartları | Emlakçı Kartvizit Baskı | Lüks Kabartmalı Gayrimenkul Kartları,2,1,1,rendered:title-count | rendered:description-count | rendered:canonical-count | rendered:multiple-breadcrumbs | title-raw-rendered-difference | description-raw-rendered-difference
/erzincan-matbaa,city,200,True,Erzincan Matbaa & Baskı Hizmetleri | Mavi Basım,"Erzincan Matbaa | Kartvizit, Broşür, Kutu Baskı Fiyatları | Erzincan Matbaa & Baskı Hizmetleri | Mavi Basım",3,0,1,raw:h1-count | rendered:title-count | rendered:description-count | rendered:canonical-count | title-raw-rendered-difference | description-raw-rendered-difference
/erzurum-emlakci-katalog-baski,sector,200,True,Erzurum Halı ve Koltuk Yıkama Baskı | Lüks Konut Portföy Kitapçığı,Erzurum Halı ve Koltuk Yıkama Baskı | Lüks Konut Portföy Kitapçığı | Erzurum Halı ve Koltuk Yıkama Baskı | Lüks Konut Portföy Kitapçığı,2,1,1,rendered:title-count | rendered:description-count | rendered:canonical-count | rendered:multiple-breadcrumbs | title-raw-rendered-difference | description-raw-rendered-difference
/erzurum-katalog-baski,sector,200,True,Erzurum Katalog Baskı | Palandöken Otelleri & Oltu Kuyumcuları,Erzurum Katalog Baskı | Palandöken Otelleri & Oltu Kuyumcuları | Erzurum Katalog Baskı | Palandöken Otelleri & Oltu Kuyumcuları,2,1,1,rendered:title-count | rendered:description-count | rendered:canonical-count | rendered:multiple-breadcrumbs | title-raw-rendered-difference | description-raw-rendered-difference
/erzurum-matbaa,city,200,True,Erzurum Matbaa & Baskı Hizmetleri | Mavi Basım,"Erzurum Matbaa | Kartvizit, Broşür, Kutu Baskı Fiyatları | Erzurum Matbaa & Baskı Hizmetleri | Mavi Basım",3,0,1,raw:h1-count | rendered:title-count | rendered:description-count | rendered:canonical-count | title-raw-rendered-difference | description-raw-rendered-difference
/eskisehir-matbaa,city,200,True,Eskişehir Matbaa & Baskı Hizmetleri | Mavi Basım,"Eskişehir Matbaa | Kartvizit, Broşür, Kutu Baskı Fiyatları | Eskişehir Matbaa & Baskı Hizmetleri | Mavi Basım",3,0,1,raw:h1-count | rendered:title-count | rendered:description-count | rendered:canonical-count | title-raw-rendered-difference | description-raw-rendered-difference
/etiket,static,200,True,Yapışkanlı Etiket ve Sticker Baskı Fiyatları | Mavi Basım,Yapışkanlı Etiket ve Sticker Baskı Fiyatları | Mavi Basım,1,1,1,
/etiket-baski,sector,200,True,Yapışkanlı Etiket Baskı Fiyatları | PP Opak ve Şeffaf Rulolar,Yapışkanlı Etiket Baskı Fiyatları | PP Opak ve Şeffaf Rulolar | Yapışkanlı Etiket Baskı Fiyatları | PP Opak ve Şeffaf Rulolar,2,1,1,rendered:title-count | rendered:description-count | rendered:canonical-count | rendered:multiple-breadcrumbs | title-raw-rendered-difference | description-raw-rendered-difference
/etiket-baski-fiyatlari,sector,200,True,Yapışkanlı Etiket Fiyatları | PP Opak vs Tabaka Kuşe Etiketler,Yapışkanlı Etiket Fiyatları | PP Opak vs Tabaka Kuşe Etiketler | Yapışkanlı Etiket Fiyatları | PP Opak vs Tabaka Kuşe Etiketler,2,1,1,rendered:title-count | rendered:description-count | rendered:canonical-count | rendered:multiple-breadcrumbs | title-raw-rendered-difference | description-raw-rendered-difference
/fast-food-cips-kutusu,sector,200,True,Fast Food Cips Kutusu | Çevre Dostu Logolu Karton Ambalajlar,Fast Food Cips Kutusu | Çevre Dostu Logolu Karton Ambalajlar | Fast Food Cips Kutusu | Çevre Dostu Logolu Karton Ambalajlar,2,1,1,rendered:title-count | rendered:description-count | rendered:canonical-count | rendered:multiple-breadcrumbs | title-raw-rendered-difference | description-raw-rendered-difference
/fast-food-kampanya-brosuru,sector,200,True,Fast Food Kampanya Broşürü | Lokanta ve Büfe Menü Dağıtımları,Fast Food Kampanya Broşürü | Lokanta ve Büfe Menü Dağıtımları | Fast Food Kampanya Broşürü | Lokanta ve Büfe Menü Dağıtımları,2,1,1,rendered:title-count | rendered:description-count | rendered:canonical-count | rendered:multiple-breadcrumbs | title-raw-rendered-difference | description-raw-rendered-difference
/gaziantep-brosur-baski,sector,200,True,Gaziantep Broşür Baskı Fiyatları | Gaziantep Online Matbaa,Gaziantep Broşür Baskı Fiyatları | Gaziantep Online Matbaa | Gaziantep Broşür Baskı Fiyatları | Gaziantep Online Matbaa,2,1,1,rendered:title-count | rendered:description-count | rendered:canonical-count | rendered:multiple-breadcrumbs | title-raw-rendered-difference | description-raw-rendered-difference
/gaziantep-etiket-baski,sector,200,True,Gaziantep Etiket Baskı Fiyatları | Gaziantep Online Matbaa,Gaziantep Etiket Baskı Fiyatları | Gaziantep Online Matbaa | Gaziantep Etiket Baskı Fiyatları | Gaziantep Online Matbaa,2,1,1,rendered:title-count | rendered:description-count | rendered:canonical-count | rendered:multiple-breadcrumbs | title-raw-rendered-difference | description-raw-rendered-difference
/gaziantep-kartvizit-baski,sector,200,True,Gaziantep Kartvizit Baskı Fiyatları | Gaziantep Online Matbaa,Gaziantep Kartvizit Baskı Fiyatları | Gaziantep Online Matbaa | Gaziantep Kartvizit Baskı Fiyatları | Gaziantep Online Matbaa,2,1,1,rendered:title-count | rendered:description-count | rendered:canonical-count | rendered:multiple-breadcrumbs | title-raw-rendered-difference | description-raw-rendered-difference
/gaziantep-katalog-baski,sector,200,True,Gaziantep Katalog Baskı Fiyatları | Gaziantep Online Matbaa,Gaziantep Katalog Baskı Fiyatları | Gaziantep Online Matbaa | Gaziantep Katalog Baskı Fiyatları | Gaziantep Online Matbaa,2,1,1,rendered:title-count | rendered:description-count | rendered:canonical-count | rendered:multiple-breadcrumbs | title-raw-rendered-difference | description-raw-rendered-difference
/gaziantep-kutu-baski,sector,200,True,Gaziantep Kutu Baskı Fiyatları | Gaziantep Online Matbaa,Gaziantep Kutu Baskı Fiyatları | Gaziantep Online Matbaa | Gaziantep Kutu Baskı Fiyatları | Gaziantep Online Matbaa,2,1,1,rendered:title-count | rendered:description-count | rendered:canonical-count | rendered:multiple-breadcrumbs | title-raw-rendered-difference | description-raw-rendered-difference
/gaziantep-magnet-baski,sector,200,True,Gaziantep Magnet Baskı Fiyatları | Gaziantep Online Matbaa,Gaziantep Magnet Baskı Fiyatları | Gaziantep Online Matbaa | Gaziantep Magnet Baskı Fiyatları | Gaziantep Online Matbaa,2,1,1,rendered:title-count | rendered:description-count | rendered:canonical-count | rendered:multiple-breadcrumbs | title-raw-rendered-difference | description-raw-rendered-difference
/gaziantep-matbaa,city,200,True,Gaziantep Matbaa & Baskı Hizmetleri | Mavi Basım,"Gaziantep Matbaa | Kartvizit, Broşür, Kutu Baskı Fiyatları | Gaziantep Matbaa & Baskı Hizmetleri | Mavi Basım",3,0,1,raw:h1-count | rendered:title-count | rendered:description-count | rendered:canonical-count | title-raw-rendered-difference | description-raw-rendered-difference
/gebze-eczane-etiket-baski,sector,200,True,Gebze Eczane Etiket Baskı | Reçete ve Sağlık Şişesi Yapışkanları,Gebze Eczane Etiket Baskı | Reçete ve Sağlık Şişesi Yapışkanları | Gebze Eczane Etiket Baskı | Reçete ve Sağlık Şişesi Yapışkanları,2,1,1,rendered:title-count | rendered:description-count | rendered:canonical-count | rendered:multiple-breadcrumbs | title-raw-rendered-difference | description-raw-rendered-difference
/gebze-kutu-baski,sector,200,True,Gebze Kutu Baskı | Logolu Yaprak ve Gıda Ambalajı,Gebze Kutu Baskı | Logolu Yaprak ve Gıda Ambalajı | Gebze Kutu Baskı | Logolu Yaprak ve Gıda Ambalajı,2,1,1,rendered:title-count | rendered:description-count | rendered:canonical-count | rendered:multiple-breadcrumbs | title-raw-rendered-difference | description-raw-rendered-difference
/gider-makbuzu,static,200,True,Gider Makbuzu Baskı Fiyatları | Otokopili ve Numaratörlü Gider Makbuzu Basımı,Gider Makbuzu Baskı Fiyatları | Otokopili ve Numaratörlü Gider Makbuzu Basımı,1,1,1,
/giresun-fast-food-cips-kutusu-baski,sector,200,True,Giresun Fast Food Cips Kutusu Baskı | Logolu Atıştırmalık Ambalajı,Giresun Fast Food Cips Kutusu Baskı | Logolu Atıştırmalık Ambalajı | Giresun Fast Food Cips Kutusu Baskı | Logolu Atıştırmalık Ambalajı,2,1,1,rendered:title-count | rendered:description-count | rendered:canonical-count | rendered:multiple-breadcrumbs | title-raw-rendered-difference | description-raw-rendered-difference
/giresun-kartvizit-baski,sector,200,True,Giresun Kartvizit Baskı | Kalın Bristol & Fındık Ambalaj,Giresun Kartvizit Baskı | Kalın Bristol & Fındık Ambalaj | Giresun Kartvizit Baskı | Kalın Bristol & Fındık Ambalaj,2,1,1,rendered:title-count | rendered:description-count | rendered:canonical-count | rendered:multiple-breadcrumbs | title-raw-rendered-difference | description-raw-rendered-difference
/giresun-matbaa,city,200,True,Giresun Matbaa & Baskı Hizmetleri | Mavi Basım,"Giresun Matbaa | Kartvizit, Broşür, Kutu Baskı Fiyatları | Giresun Matbaa & Baskı Hizmetleri | Mavi Basım",3,0,1,raw:h1-count | rendered:title-count | rendered:description-count | rendered:canonical-count | title-raw-rendered-difference | description-raw-rendered-difference
/giris-bileti,static,200,True,Numaratörlü Giriş Bileti / Etkinlik Bileti Baskısı | Mavi Basım,Numaratörlü Giriş Bileti / Etkinlik Bileti Baskısı | Mavi Basım | Numaratörlü Giriş Bileti / Etkinlik Bileti Baskısı | Mavi Basım,3,1,1,rendered:title-count | rendered:description-count | rendered:canonical-count | rendered:multiple-breadcrumbs | title-raw-rendered-difference | description-raw-rendered-difference
/gizlilik-politikasi,static,404,False,404 Sayfa Bulunamadı | Mavi Basım,Gizlilik Politikası ve KVKK Aydınlatma Metni | Mavi Basım Matbaa | 404 Sayfa Bulunamadı | Mavi Basım,3,1,1,http-status | raw:noindex | rendered:title-count | rendered:description-count | rendered:canonical-count | rendered:noindex | rendered:multiple-breadcrumbs | rendered:duplicate-schema-id | title-raw-rendered-difference | description-raw-rendered-difference
/grafik-tasarim,static,200,True,Grafik Tasarım Hizmetleri | Mavi Basım Matbaa & Reklam,Profesyonel Grafik Tasarım & Kurumsal Kimlik - Mavi Basım | Grafik Tasarım Hizmetleri | Mavi Basım Matbaa & Reklam,2,0,1,raw:h1-count | rendered:title-count | rendered:description-count | rendered:canonical-count | title-raw-rendered-difference | description-raw-rendered-difference
/gumushane-matbaa,city,200,True,Gümüşhane Matbaa & Baskı Hizmetleri | Mavi Basım,"Gümüşhane Matbaa | Kartvizit, Broşür, Kutu Baskı Fiyatları | Gümüşhane Matbaa & Baskı Hizmetleri | Mavi Basım",3,0,1,raw:h1-count | rendered:title-count | rendered:description-count | rendered:canonical-count | title-raw-rendered-difference | description-raw-rendered-difference
/hakkari-matbaa,city,200,True,Hakkari Matbaa & Baskı Hizmetleri | Mavi Basım,"Hakkari Matbaa | Kartvizit, Broşür, Kutu Baskı Fiyatları | Hakkari Matbaa & Baskı Hizmetleri | Mavi Basım",3,0,1,raw:h1-count | rendered:title-count | rendered:description-count | rendered:canonical-count | title-raw-rendered-difference | description-raw-rendered-difference
/hakkimizda,static,200,True,Hakkımızda | Mavi Basım Matbaa & Reklam,Hakkımızda | Mavi Basım Matbaa & Reklam İstanbul Topkapı | Hakkımızda | Mavi Basım Matbaa & Reklam,2,0,1,raw:h1-count | rendered:title-count | rendered:description-count | rendered:canonical-count | title-raw-rendered-difference | description-raw-rendered-difference
/hali-koltuk-yikama-baski,sector,200,True,"Halı ve Koltuk Yıkama Baskı | Broşür, El İlanı ve Magnet Çözümleri","Halı ve Koltuk Yıkama Baskı | Broşür, El İlanı ve Magnet Çözümleri | Halı ve Koltuk Yıkama Baskı | Broşür, El İlanı ve Magnet Çözümleri",2,1,1,rendered:title-count | rendered:description-count | rendered:canonical-count | rendered:multiple-breadcrumbs | title-raw-rendered-difference | description-raw-rendered-difference
/hatay-matbaa,city,200,True,Hatay Matbaa & Baskı Hizmetleri | Mavi Basım,"Hatay Matbaa | Kartvizit, Broşür, Kutu Baskı Fiyatları | Hatay Matbaa & Baskı Hizmetleri | Mavi Basım",3,0,1,raw:h1-count | rendered:title-count | rendered:description-count | rendered:canonical-count | title-raw-rendered-difference | description-raw-rendered-difference
/igdir-matbaa,city,200,True,Iğdır Matbaa & Baskı Hizmetleri | Mavi Basım,"Iğdır Matbaa | Kartvizit, Broşür, Kutu Baskı Fiyatları | Iğdır Matbaa & Baskı Hizmetleri | Mavi Basım",3,0,1,raw:h1-count | rendered:title-count | rendered:description-count | rendered:canonical-count | title-raw-rendered-difference | description-raw-rendered-difference
/iletisim,static,200,True,İleitişim | Mavi Basım Matbaa & Reklam Topkapı İstanbul,İletişim ve Fiyat Teklifi | Zeytinburnu - Mavi Basım | İleitişim | Mavi Basım Matbaa & Reklam Topkapı İstanbul,2,0,1,raw:h1-count | rendered:title-count | rendered:description-count | rendered:canonical-count | title-raw-rendered-difference | description-raw-rendered-difference
/iptal-ve-iade-sartlari,static,404,False,404 Sayfa Bulunamadı | Mavi Basım,İptal ve İade Şartları | Mavi Basım Matbaa & Reklam | 404 Sayfa Bulunamadı | Mavi Basım,3,1,1,http-status | raw:noindex | rendered:title-count | rendered:description-count | rendered:canonical-count | rendered:noindex | rendered:multiple-breadcrumbs | rendered:duplicate-schema-id | title-raw-rendered-difference | description-raw-rendered-difference
/isparta-matbaa,city,200,True,Isparta Matbaa & Baskı Hizmetleri | Mavi Basım,"Isparta Matbaa | Kartvizit, Broşür, Kutu Baskı Fiyatları | Isparta Matbaa & Baskı Hizmetleri | Mavi Basım",3,0,1,raw:h1-count | rendered:title-count | rendered:description-count | rendered:canonical-count | title-raw-rendered-difference | description-raw-rendered-difference
/istanbul-brosur-baski,sector,200,True,İstanbul Broşür Baskı Fiyatları | Topkapı Matbaacılar Sitesi İmalatı,İstanbul Broşür Baskı Fiyatları | Topkapı Matbaacılar Sitesi İmalatı | İstanbul Broşür Baskı Fiyatları | Topkapı Matbaacılar Sitesi İmalatı,2,1,1,rendered:title-count | rendered:description-count | rendered:canonical-count | rendered:multiple-breadcrumbs | title-raw-rendered-difference | description-raw-rendered-difference
/istanbul-matbaa,city,200,True,İstanbul Matbaa & Baskı Hizmetleri | Mavi Basım,"İstanbul Matbaa | Online Baskı, Kartvizit, Broşür, Kutu | İstanbul Matbaa & Baskı Hizmetleri | Mavi Basım",3,0,1,raw:h1-count | rendered:title-count | rendered:description-count | rendered:canonical-count | title-raw-rendered-difference | description-raw-rendered-difference
/izmir-brosur-baski,sector,200,True,İzmir Broşür Baskı Fiyatları | İzmir Online Matbaa,İzmir Broşür Baskı Fiyatları | İzmir Online Matbaa | İzmir Broşür Baskı Fiyatları | İzmir Online Matbaa,2,1,1,rendered:title-count | rendered:description-count | rendered:canonical-count | rendered:multiple-breadcrumbs | title-raw-rendered-difference | description-raw-rendered-difference
/izmir-etiket-baski,sector,200,True,İzmir Etiket Baskı Fiyatları | İzmir Online Matbaa,İzmir Etiket Baskı Fiyatları | İzmir Online Matbaa | İzmir Etiket Baskı Fiyatları | İzmir Online Matbaa,2,1,1,rendered:title-count | rendered:description-count | rendered:canonical-count | rendered:multiple-breadcrumbs | title-raw-rendered-difference | description-raw-rendered-difference
/izmir-kartvizit-baski,sector,200,True,İzmir Kartvizit Baskı Fiyatları | İzmir Online Matbaa,İzmir Kartvizit Baskı Fiyatları | İzmir Online Matbaa | İzmir Kartvizit Baskı Fiyatları | İzmir Online Matbaa,2,1,1,rendered:title-count | rendered:description-count | rendered:canonical-count | rendered:multiple-breadcrumbs | title-raw-rendered-difference | description-raw-rendered-difference
/izmir-katalog-baski,sector,200,True,İzmir Katalog Baskı Fiyatları | İzmir Online Matbaa,İzmir Katalog Baskı Fiyatları | İzmir Online Matbaa | İzmir Katalog Baskı Fiyatları | İzmir Online Matbaa,2,1,1,rendered:title-count | rendered:description-count | rendered:canonical-count | rendered:multiple-breadcrumbs | title-raw-rendered-difference | description-raw-rendered-difference
/izmir-kutu-baski,sector,200,True,İzmir Kutu Baskı Fiyatları | İzmir Online Matbaa,İzmir Kutu Baskı Fiyatları | İzmir Online Matbaa | İzmir Kutu Baskı Fiyatları | İzmir Online Matbaa,2,1,1,rendered:title-count | rendered:description-count | rendered:canonical-count | rendered:multiple-breadcrumbs | title-raw-rendered-difference | description-raw-rendered-difference
/izmir-magnet-baski,sector,200,True,İzmir Magnet Baskı Fiyatları | İzmir Online Matbaa,İzmir Magnet Baskı Fiyatları | İzmir Online Matbaa | İzmir Magnet Baskı Fiyatları | İzmir Online Matbaa,2,1,1,rendered:title-count | rendered:description-count | rendered:canonical-count | rendered:multiple-breadcrumbs | title-raw-rendered-difference | description-raw-rendered-difference
/izmir-matbaa,city,200,True,İzmir Matbaa & Baskı Hizmetleri | Mavi Basım,"İzmir’e Kargo ile Matbaa, Etiket ve Ambalaj Baskı | Mavi Basım | İzmir Matbaa & Baskı Hizmetleri | Mavi Basım",3,0,1,raw:h1-count | rendered:title-count | rendered:description-count | rendered:canonical-count | title-raw-rendered-difference | description-raw-rendered-difference
/kahramanmaras-matbaa,city,200,True,Kahramanmaraş Matbaa & Baskı Hizmetleri | Mavi Basım,"Kahramanmaraş Matbaa | Kartvizit, Broşür, Kutu Baskı Fiyatları | Kahramanmaraş Matbaa & Baskı Hizmetleri | Mavi Basım",3,0,1,raw:h1-count | rendered:title-count | rendered:description-count | rendered:canonical-count | title-raw-rendered-difference | description-raw-rendered-difference
/karabuk-matbaa,city,200,True,Karabük Matbaa & Baskı Hizmetleri | Mavi Basım,"Karabük Matbaa | Kartvizit, Broşür, Kutu Baskı Fiyatları | Karabük Matbaa & Baskı Hizmetleri | Mavi Basım",3,0,1,raw:h1-count | rendered:title-count | rendered:description-count | rendered:canonical-count | title-raw-rendered-difference | description-raw-rendered-difference
/karaman-matbaa,city,200,True,Karaman Matbaa & Baskı Hizmetleri | Mavi Basım,"Karaman Matbaa | Kartvizit, Broşür, Kutu Baskı Fiyatları | Karaman Matbaa & Baskı Hizmetleri | Mavi Basım",3,0,1,raw:h1-count | rendered:title-count | rendered:description-count | rendered:canonical-count | title-raw-rendered-difference | description-raw-rendered-difference
/kars-matbaa,city,200,True,Kars Matbaa & Baskı Hizmetleri | Mavi Basım,"Kars Matbaa | Kartvizit, Broşür, Kutu Baskı Fiyatları | Kars Matbaa & Baskı Hizmetleri | Mavi Basım",3,0,1,raw:h1-count | rendered:title-count | rendered:description-count | rendered:canonical-count | title-raw-rendered-difference | description-raw-rendered-difference
/karton-canta,static,200,True,Karton Çanta Baskı Fiyatları | İpli Poşet - Mavi Basım,Karton Çanta Baskı Fiyatları | İpli Poşet - Mavi Basım,1,1,1,
/kartvizit,static,200,True,Kartvizit Baskı Fiyatları | 1.000 Adet ve Kalın Kartvizit,Kartvizit Baskı Fiyatları | 1.000 Adet ve Kalın Kartvizit,1,1,1,
/kartvizit-fiyatlari,sector,200,True,"Kartvizit Baskı Fiyatları | Kabartma Lak, Şeffaf ve Sıvama Kartlar","Kartvizit Baskı Fiyatları | Kabartma Lak, Şeffaf ve Sıvama Kartlar | Kartvizit Baskı Fiyatları | Kabartma Lak, Şeffaf ve Sıvama Kartlar",2,1,1,rendered:title-count | rendered:description-count | rendered:canonical-count | rendered:multiple-breadcrumbs | title-raw-rendered-difference | description-raw-rendered-difference
/kastamonu-matbaa,city,200,True,Kastamonu Matbaa & Baskı Hizmetleri | Mavi Basım,"Kastamonu Matbaa | Kartvizit, Broşür, Kutu Baskı Fiyatları | Kastamonu Matbaa & Baskı Hizmetleri | Mavi Basım",3,0,1,raw:h1-count | rendered:title-count | rendered:description-count | rendered:canonical-count | title-raw-rendered-difference | description-raw-rendered-difference
/katalog,static,301,False,,Katalog Baskı Fiyatları | Çok Sayfalı Ürün Kataloğu - Mavi Basım,1,0,1,
/kataloglar,static,200,True,Katalog Baskı Fiyatları | Çok Sayfalı Ürün Kataloğu - Mavi Basım,Katalog Baskı Fiyatları | Çok Sayfalı Ürün Kataloğu - Mavi Basım,1,1,1,
/kayseri-brosur-baski,sector,200,True,Kayseri Broşür Baskı Fiyatları | Kayseri Online Matbaa,Kayseri Broşür Baskı Fiyatları | Kayseri Online Matbaa | Kayseri Broşür Baskı Fiyatları | Kayseri Online Matbaa,2,1,1,rendered:title-count | rendered:description-count | rendered:canonical-count | rendered:multiple-breadcrumbs | title-raw-rendered-difference | description-raw-rendered-difference
/kayseri-emlakci-afis-baski,sector,200,True,Kayseri Emlakçı Afiş Baskı | Satılık Kiralık Branda ve Bez Afişler,Kayseri Emlakçı Afiş Baskı | Satılık Kiralık Branda ve Bez Afişler | Kayseri Emlakçı Afiş Baskı | Satılık Kiralık Branda ve Bez Afişler,2,1,1,rendered:title-count | rendered:description-count | rendered:canonical-count | rendered:multiple-breadcrumbs | title-raw-rendered-difference | description-raw-rendered-difference
/kayseri-etiket-baski,sector,200,True,Kayseri Etiket Baskı Fiyatları | Kayseri Online Matbaa,Kayseri Etiket Baskı Fiyatları | Kayseri Online Matbaa | Kayseri Etiket Baskı Fiyatları | Kayseri Online Matbaa,2,1,1,rendered:title-count | rendered:description-count | rendered:canonical-count | rendered:multiple-breadcrumbs | title-raw-rendered-difference | description-raw-rendered-difference
/kayseri-kartvizit-baski,sector,200,True,Kayseri Kartvizit Baskı Fiyatları | Kayseri Online Matbaa,Kayseri Kartvizit Baskı Fiyatları | Kayseri Online Matbaa | Kayseri Kartvizit Baskı Fiyatları | Kayseri Online Matbaa,2,1,1,rendered:title-count | rendered:description-count | rendered:canonical-count | rendered:multiple-breadcrumbs | title-raw-rendered-difference | description-raw-rendered-difference
/kayseri-katalog-baski,sector,200,True,Kayseri Katalog Baskı Fiyatları | Kayseri Online Matbaa,Kayseri Katalog Baskı Fiyatları | Kayseri Online Matbaa | Kayseri Katalog Baskı Fiyatları | Kayseri Online Matbaa,2,1,1,rendered:title-count | rendered:description-count | rendered:canonical-count | rendered:multiple-breadcrumbs | title-raw-rendered-difference | description-raw-rendered-difference
/kayseri-kutu-baski,sector,200,True,"Kayseri Kutu Baskı | Sucuk, Pastırma & Mobilya Ambalajı","Kayseri Kutu Baskı | Sucuk, Pastırma & Mobilya Ambalajı | Kayseri Kutu Baskı | Sucuk, Pastırma & Mobilya Ambalajı",2,1,1,rendered:title-count | rendered:description-count | rendered:canonical-count | rendered:multiple-breadcrumbs | title-raw-rendered-difference | description-raw-rendered-difference
/kayseri-magnet-baski,sector,200,True,Kayseri Magnet Baskı Fiyatları | Kayseri Online Matbaa,Kayseri Magnet Baskı Fiyatları | Kayseri Online Matbaa | Kayseri Magnet Baskı Fiyatları | Kayseri Online Matbaa,2,1,1,rendered:title-count | rendered:description-count | rendered:canonical-count | rendered:multiple-breadcrumbs | title-raw-rendered-difference | description-raw-rendered-difference
/kayseri-matbaa,city,200,True,Kayseri Matbaa & Baskı Hizmetleri | Mavi Basım,"Kayseri Matbaa | Kartvizit, Broşür, Kutu Baskı Fiyatları | Kayseri Matbaa & Baskı Hizmetleri | Mavi Basım",3,0,1,raw:h1-count | rendered:title-count | rendered:description-count | rendered:canonical-count | title-raw-rendered-difference | description-raw-rendered-difference
/kilis-matbaa,city,200,True,Kilis Matbaa & Baskı Hizmetleri | Mavi Basım,"Kilis Matbaa | Kartvizit, Broşür, Kutu Baskı Fiyatları | Kilis Matbaa & Baskı Hizmetleri | Mavi Basım",3,0,1,raw:h1-count | rendered:title-count | rendered:description-count | rendered:canonical-count | title-raw-rendered-difference | description-raw-rendered-difference
/kirikkale-matbaa,city,200,True,Kırıkkale Matbaa & Baskı Hizmetleri | Mavi Basım,"Kırıkkale Matbaa | Kartvizit, Broşür, Kutu Baskı Fiyatları | Kırıkkale Matbaa & Baskı Hizmetleri | Mavi Basım",3,0,1,raw:h1-count | rendered:title-count | rendered:description-count | rendered:canonical-count | title-raw-rendered-difference | description-raw-rendered-difference
/kirklareli-matbaa,city,200,True,Kırklareli Matbaa & Baskı Hizmetleri | Mavi Basım,"Kırklareli Matbaa | Kartvizit, Broşür, Kutu Baskı Fiyatları | Kırklareli Matbaa & Baskı Hizmetleri | Mavi Basım",3,0,1,raw:h1-count | rendered:title-count | rendered:description-count | rendered:canonical-count | title-raw-rendered-difference | description-raw-rendered-difference
/kirsehir-matbaa,city,200,True,Kırşehir Matbaa & Baskı Hizmetleri | Mavi Basım,"Kırşehir Matbaa | Kartvizit, Broşür, Kutu Baskı Fiyatları | Kırşehir Matbaa & Baskı Hizmetleri | Mavi Basım",3,0,1,raw:h1-count | rendered:title-count | rendered:description-count | rendered:canonical-count | title-raw-rendered-difference | description-raw-rendered-difference
/kitap-ayraci,static,200,True,Kitap Ayracı Baskı Fiyatları | 350 gr Kuşe - Mavi Basım,Kitap Ayracı Baskı Fiyatları | 350 gr Kuşe - Mavi Basım,2,0,1,raw:h1-count | rendered:canonical-count
/kocaeli-matbaa,city,200,True,Kocaeli Matbaa & Baskı Hizmetleri | Mavi Basım,"Kocaeli Matbaa | Kartvizit, Broşür, Kutu Baskı Fiyatları | Kocaeli Matbaa & Baskı Hizmetleri | Mavi Basım",3,0,1,raw:h1-count | rendered:title-count | rendered:description-count | rendered:canonical-count | title-raw-rendered-difference | description-raw-rendered-difference
/konya-brosur-baski,sector,200,True,Konya Broşür Baskı Fiyatları | Konya Online Matbaa,Konya Broşür Baskı Fiyatları | Konya Online Matbaa | Konya Broşür Baskı Fiyatları | Konya Online Matbaa,2,1,1,rendered:title-count | rendered:description-count | rendered:canonical-count | rendered:multiple-breadcrumbs | title-raw-rendered-difference | description-raw-rendered-difference
/konya-etiket-baski,sector,200,True,Konya Etiket Baskı Fiyatları | Konya Online Matbaa,Konya Etiket Baskı Fiyatları | Konya Online Matbaa | Konya Etiket Baskı Fiyatları | Konya Online Matbaa,2,1,1,rendered:title-count | rendered:description-count | rendered:canonical-count | rendered:multiple-breadcrumbs | title-raw-rendered-difference | description-raw-rendered-difference
/konya-kartvizit-baski,sector,200,True,Konya Kartvizit Baskı Fiyatları | Konya Online Matbaa,Konya Kartvizit Baskı Fiyatları | Konya Online Matbaa | Konya Kartvizit Baskı Fiyatları | Konya Online Matbaa,2,1,1,rendered:title-count | rendered:description-count | rendered:canonical-count | rendered:multiple-breadcrumbs | title-raw-rendered-difference | description-raw-rendered-difference
/konya-katalog-baski,sector,200,True,Konya Katalog Baskı | Tarım Makineleri & Sanayi Kataloğu,Konya Katalog Baskı | Tarım Makineleri & Sanayi Kataloğu | Konya Katalog Baskı | Tarım Makineleri & Sanayi Kataloğu,2,1,1,rendered:title-count | rendered:description-count | rendered:canonical-count | rendered:multiple-breadcrumbs | title-raw-rendered-difference | description-raw-rendered-difference
/konya-kutu-baski,sector,200,True,Konya Kutu Baskı Fiyatları | Konya Online Matbaa,Konya Kutu Baskı Fiyatları | Konya Online Matbaa | Konya Kutu Baskı Fiyatları | Konya Online Matbaa,2,1,1,rendered:title-count | rendered:description-count | rendered:canonical-count | rendered:multiple-breadcrumbs | title-raw-rendered-difference | description-raw-rendered-difference
/konya-magnet-baski,sector,200,True,Konya Magnet Baskı Fiyatları | Konya Online Matbaa,Konya Magnet Baskı Fiyatları | Konya Online Matbaa | Konya Magnet Baskı Fiyatları | Konya Online Matbaa,2,1,1,rendered:title-count | rendered:description-count | rendered:canonical-count | rendered:multiple-breadcrumbs | title-raw-rendered-difference | description-raw-rendered-difference
/konya-matbaa,city,200,True,Konya Matbaa & Baskı Hizmetleri | Mavi Basım,"Konya Matbaa | Kartvizit, Broşür, Kutu Baskı Fiyatları | Konya Matbaa & Baskı Hizmetleri | Mavi Basım",3,0,1,raw:h1-count | rendered:title-count | rendered:description-count | rendered:canonical-count | title-raw-rendered-difference | description-raw-rendered-difference
/kullanim-sartlari,static,404,False,404 Sayfa Bulunamadı | Mavi Basım,Kullanım Şartları ve Hizmet Sözleşmesi | Mavi Basım Matbaa | 404 Sayfa Bulunamadı | Mavi Basım,3,1,1,http-status | raw:noindex | rendered:title-count | rendered:description-count | rendered:canonical-count | rendered:noindex | rendered:multiple-breadcrumbs | rendered:duplicate-schema-id | title-raw-rendered-difference | description-raw-rendered-difference
/kup-bloknot,static,200,True,Küp Bloknot Baskı Fiyatları | Logolu Promosyon Küp Bloknot,Küp Bloknot Baskı Fiyatları | Logolu Promosyon Küp Bloknot,1,1,1,
/kutahya-matbaa,city,200,True,Kütahya Matbaa & Baskı Hizmetleri | Mavi Basım,"Kütahya Matbaa | Kartvizit, Broşür, Kutu Baskı Fiyatları | Kütahya Matbaa & Baskı Hizmetleri | Mavi Basım",3,0,1,raw:h1-count | rendered:title-count | rendered:description-count | rendered:canonical-count | title-raw-rendered-difference | description-raw-rendered-difference
/kutu,static,200,True,Karton Kutu Baskı | Özel Kesim Ambalaj | Mavi Basım,Karton Kutu Baskı | Özel Kesim Ambalaj | Mavi Basım,1,1,1,
/kutu-baski-fiyatlari,sector,200,True,"Karton Kutu Baskı Fiyatları | Baklava, Pasta ve Ambalaj Kolileri","Karton Kutu Baskı Fiyatları | Baklava, Pasta ve Ambalaj Kolileri | Karton Kutu Baskı Fiyatları | Baklava, Pasta ve Ambalaj Kolileri",2,1,1,rendered:title-count | rendered:description-count | rendered:canonical-count | rendered:multiple-breadcrumbs | title-raw-rendered-difference | description-raw-rendered-difference
/lokanta-amerikan-servis,sector,200,True,Lokanta Amerikan Servis Baskı | Kağıt Masa Örtüsü,Lokanta Amerikan Servis Baskı | Kağıt Masa Örtüsü | Lokanta Amerikan Servis Baskı | Kağıt Masa Örtüsü,2,1,1,rendered:title-count | rendered:description-count | rendered:canonical-count | rendered:multiple-breadcrumbs | title-raw-rendered-difference | description-raw-rendered-difference
/magnet,static,200,True,Magnet Baskı Fiyatları | Buzdolabı ve Özel Kesim Magnet,Magnet Baskı Fiyatları | Buzdolabı ve Özel Kesim Magnet | Magnet Baskı Fiyatları | Buzdolabı ve Özel Kesim Magnet,3,1,1,rendered:title-count | rendered:description-count | rendered:canonical-count | rendered:multiple-breadcrumbs | title-raw-rendered-difference | description-raw-rendered-difference
/magnet-baski-fiyatlari,sector,200,True,Buzdolabı Magnet Baskı Fiyatları | 0.40 mm Mıknatıs Levha Baremi,Buzdolabı Magnet Baskı Fiyatları | 0.40 mm Mıknatıs Levha Baremi | Buzdolabı Magnet Baskı Fiyatları | 0.40 mm Mıknatıs Levha Baremi,2,1,1,rendered:title-count | rendered:description-count | rendered:canonical-count | rendered:multiple-breadcrumbs | title-raw-rendered-difference | description-raw-rendered-difference
/makbuz,static,301,False,,Makbuz ve Form Baskı Fiyatları | Mavi Basım | Makbuz ve Form Baskı Fiyatları | Mavi Basım,2,0,1,rendered:title-count | rendered:description-count | rendered:canonical-count
/makbuz-ve-formlar,static,200,True,Makbuz ve Form Baskı Fiyatları | Mavi Basım,Makbuz ve Form Baskı Fiyatları | Mavi Basım | Makbuz ve Form Baskı Fiyatları | Mavi Basım,2,0,1,raw:h1-count | rendered:title-count | rendered:description-count | rendered:canonical-count | title-raw-rendered-difference | description-raw-rendered-difference
/makine-parkuru,static,200,True,"Makine Parkurumuz | Ofset, Dijital & Mücellit Çözümlerimiz - Mavi Basım","Makine Parkurumuz ve Teknik Üretim Altyapımız | Mavi Basım Matbaa | Makine Parkurumuz | Ofset, Dijital & Mücellit Çözümlerimiz - Mavi Basım",2,1,1,rendered:title-count | rendered:description-count | rendered:canonical-count | rendered:multiple-breadcrumbs | title-raw-rendered-difference | description-raw-rendered-difference
/malatya-brosur-baski,sector,200,True,Malatya Broşür Baskı | Kayısı Entegre & Yerel Kafeler,Malatya Broşür Baskı | Kayısı Entegre & Yerel Kafeler | Malatya Broşür Baskı | Kayısı Entegre & Yerel Kafeler,2,1,1,rendered:title-count | rendered:description-count | rendered:canonical-count | rendered:multiple-breadcrumbs | title-raw-rendered-difference | description-raw-rendered-difference
/malatya-matbaa,city,200,True,Malatya Matbaa & Baskı Hizmetleri | Mavi Basım,"Malatya Matbaa | Kartvizit, Broşür, Kutu Baskı Fiyatları | Malatya Matbaa & Baskı Hizmetleri | Mavi Basım",3,0,1,raw:h1-count | rendered:title-count | rendered:description-count | rendered:canonical-count | title-raw-rendered-difference | description-raw-rendered-difference
/manisa-matbaa,city,200,True,Manisa Matbaa & Baskı Hizmetleri | Mavi Basım,"Manisa Matbaa | Kartvizit, Broşür, Kutu Baskı Fiyatları | Manisa Matbaa & Baskı Hizmetleri | Mavi Basım",3,0,1,raw:h1-count | rendered:title-count | rendered:description-count | rendered:canonical-count | title-raw-rendered-difference | description-raw-rendered-difference
/mardin-matbaa,city,200,True,Mardin Matbaa & Baskı Hizmetleri | Mavi Basım,Mardin Matbaa | Yöresel Ürün Etiketi ve Kutu Baskı | Mardin Matbaa & Baskı Hizmetleri | Mavi Basım,3,0,1,raw:h1-count | rendered:title-count | rendered:description-count | rendered:canonical-count | title-raw-rendered-difference | description-raw-rendered-difference
/matbaa,static,200,True,Biz Kimiz? | Mavi Basım Matbaa & Reklam ve Topkapı Fabrikamız,Matbaa Hizmetleri ve Üretim Tesisimiz - Mavi Basım | Biz Kimiz? | Mavi Basım Matbaa & Reklam ve Topkapı Fabrikamız,2,0,1,raw:h1-count | rendered:title-count | rendered:description-count | rendered:canonical-count | title-raw-rendered-difference | description-raw-rendered-difference
/mersin-matbaa,city,200,True,Mersin Matbaa & Baskı Hizmetleri | Mavi Basım,Mersin’e Kargo ile Matbaa ve Ambalaj Baskı | Mavi Basım | Mersin Matbaa & Baskı Hizmetleri | Mavi Basım,3,0,1,raw:h1-count | rendered:title-count | rendered:description-count | rendered:canonical-count | title-raw-rendered-difference | description-raw-rendered-difference
/mesafeli-satis-sozlesmesi,static,404,False,404 Sayfa Bulunamadı | Mavi Basım,Mesafeli Satış Sözleşmesi | Mavi Basım Matbaa & Reklam | 404 Sayfa Bulunamadı | Mavi Basım,3,1,1,http-status | raw:noindex | rendered:title-count | rendered:description-count | rendered:canonical-count | rendered:noindex | rendered:multiple-breadcrumbs | rendered:duplicate-schema-id | title-raw-rendered-difference | description-raw-rendered-difference
/mugla-kartvizit-baski,sector,200,True,Muğla Kartvizit Baskı Fiyatları | Tuale ve Sıvamalı Kalın Kartlar,Muğla Kartvizit Baskı Fiyatları | Tuale ve Sıvamalı Kalın Kartlar | Muğla Kartvizit Baskı Fiyatları | Tuale ve Sıvamalı Kalın Kartlar,2,1,1,rendered:title-count | rendered:description-count | rendered:canonical-count | rendered:multiple-breadcrumbs | title-raw-rendered-difference | description-raw-rendered-difference
/mugla-kutu-baski,sector,200,True,Muğla Kutu Baskı | Markalı Ambalaj & Hediyelik Sabun-Çam Balı Kutusu,Muğla Kutu Baskı | Markalı Ambalaj & Hediyelik Sabun-Çam Balı Kutusu | Muğla Kutu Baskı | Markalı Ambalaj & Hediyelik Sabun-Çam Balı Kutusu,2,1,1,rendered:title-count | rendered:description-count | rendered:canonical-count | rendered:multiple-breadcrumbs | title-raw-rendered-difference | description-raw-rendered-difference
/mugla-matbaa,city,200,True,Muğla Matbaa & Baskı Hizmetleri | Mavi Basım,"Muğla Matbaa | Menü, Amerikan Servis ve Etiket Baskı | Muğla Matbaa & Baskı Hizmetleri | Mavi Basım",3,0,1,raw:h1-count | rendered:title-count | rendered:description-count | rendered:canonical-count | title-raw-rendered-difference | description-raw-rendered-difference
/mus-matbaa,city,200,True,Muş Matbaa & Baskı Hizmetleri | Mavi Basım,"Muş Matbaa | Kartvizit, Broşür, Kutu Baskı Fiyatları | Muş Matbaa & Baskı Hizmetleri | Mavi Basım",3,0,1,raw:h1-count | rendered:title-count | rendered:description-count | rendered:canonical-count | title-raw-rendered-difference | description-raw-rendered-difference
/nevsehir-matbaa,city,200,True,Nevşehir Matbaa & Baskı Hizmetleri | Mavi Basım,"Nevşehir Matbaa | Kartvizit, Broşür, Kutu Baskı Fiyatları | Nevşehir Matbaa & Baskı Hizmetleri | Mavi Basım",3,0,1,raw:h1-count | rendered:title-count | rendered:description-count | rendered:canonical-count | title-raw-rendered-difference | description-raw-rendered-difference
/nigde-matbaa,city,200,True,Niğde Matbaa & Baskı Hizmetleri | Mavi Basım,"Niğde Matbaa | Kartvizit, Broşür, Kutu Baskı Fiyatları | Niğde Matbaa & Baskı Hizmetleri | Mavi Basım",3,0,1,raw:h1-count | rendered:title-count | rendered:description-count | rendered:canonical-count | title-raw-rendered-difference | description-raw-rendered-difference
/ordu-findik-firmasi-katalog-baski,sector,200,True,Ordu Fındık Firması Katalog Baskı | İhracat Kalite Ürün Kataloğu,Ordu Fındık Firması Katalog Baskı | İhracat Kalite Ürün Kataloğu | Ordu Fındık Firması Katalog Baskı | İhracat Kalite Ürün Kataloğu,2,1,1,rendered:title-count | rendered:description-count | rendered:canonical-count | rendered:multiple-breadcrumbs | title-raw-rendered-difference | description-raw-rendered-difference
/ordu-magnet-baski,sector,200,True,Ordu Magnet Baskı | Fındık Firmaları & Paket Servis,Ordu Magnet Baskı | Fındık Firmaları & Paket Servis | Ordu Magnet Baskı | Fındık Firmaları & Paket Servis,2,1,1,rendered:title-count | rendered:description-count | rendered:canonical-count | rendered:multiple-breadcrumbs | title-raw-rendered-difference | description-raw-rendered-difference
/ordu-matbaa,city,200,True,Ordu Matbaa & Baskı Hizmetleri | Mavi Basım,"Ordu’ya Kargo ile Matbaa, Fındık Ambalajı ve Etiket Baskı | Mavi Basım | Ordu Matbaa & Baskı Hizmetleri | Mavi Basım",3,0,1,raw:h1-count | rendered:title-count | rendered:description-count | rendered:canonical-count | title-raw-rendered-difference | description-raw-rendered-difference
/osmaniye-matbaa,city,200,True,Osmaniye Matbaa & Baskı Hizmetleri | Mavi Basım,Osmaniye’ye Kargo ile Matbaa ve Ambalaj Baskı | Mavi Basım | Osmaniye Matbaa & Baskı Hizmetleri | Mavi Basım,3,0,1,raw:h1-count | rendered:title-count | rendered:description-count | rendered:canonical-count | title-raw-rendered-difference | description-raw-rendered-difference
/oto-paspas,static,200,True,Oto Paspas Baskı Fiyatları | Logolu Kağıt Oto Paspas,Oto Paspas Baskı Fiyatları | Logolu Kağıt Oto Paspas,1,1,1,
/para-makbuzu,static,200,True,Numaratörlü Para Makbuzu Baskı Fiyatları | Mavi Basım Matbaa,Numaratörlü Para Makbuzu Baskı Fiyatları | Mavi Basım Matbaa | Numaratörlü Para Makbuzu Baskı Fiyatları | Mavi Basım Matbaa,3,1,1,rendered:title-count | rendered:description-count | rendered:canonical-count | title-raw-rendered-difference | description-raw-rendered-difference
/perakende-satis-fisi,static,200,True,Perakende Satış Fişi Koçanı Baskı Fiyatları | Mavi Basım,Perakende Satış Fişi Koçanı Baskı Fiyatları | Mavi Basım | Perakende Satış Fişi Koçanı Baskı Fiyatları | Mavi Basım,3,1,1,rendered:title-count | rendered:description-count | rendered:canonical-count | rendered:multiple-breadcrumbs | title-raw-rendered-difference | description-raw-rendered-difference
/recete,static,200,True,Reçete Baskı Fiyatları 2026 | Numaratörlü Reçete Koçanı Baskısı,Reçete Baskı Fiyatları 2026 | Numaratörlü Reçete Koçanı Baskısı,1,1,1,
/referanslar,static,200,True,Referanslarımız | Mavi Basım Matbaa & Reklam,Referanslarımız ve Güven Sinyalleri - Mavi Basım | Referanslarımız | Mavi Basım Matbaa & Reklam,2,0,1,raw:h1-count | rendered:title-count | rendered:description-count | rendered:canonical-count | title-raw-rendered-difference | description-raw-rendered-difference
/restaurant-siparis-fisi,sector,200,True,Restoran Sipariş Fişi Baskı | Otokopili Numaratörlü Fişler,Restoran Sipariş Fişi Baskı | Otokopili Numaratörlü Fişler | Restoran Sipariş Fişi Baskı | Otokopili Numaratörlü Fişler,2,1,1,rendered:title-count | rendered:description-count | rendered:canonical-count | rendered:multiple-breadcrumbs | title-raw-rendered-difference | description-raw-rendered-difference
/rize-brosur-baski,sector,200,True,Rize Broşür Baskı | Çay Fabrikaları & Bungalov Otelleri,Rize Broşür Baskı | Çay Fabrikaları & Bungalov Otelleri | Rize Broşür Baskı | Çay Fabrikaları & Bungalov Otelleri,2,1,1,rendered:title-count | rendered:description-count | rendered:canonical-count | rendered:multiple-breadcrumbs | title-raw-rendered-difference | description-raw-rendered-difference
/rize-lokanta-amerikan-servis,sector,200,True,Rize Lokanta Amerikan Servis Baskı | Tek Kullanımlık Kağıt Altlık,Rize Lokanta Amerikan Servis Baskı | Tek Kullanımlık Kağıt Altlık | Rize Lokanta Amerikan Servis Baskı | Tek Kullanımlık Kağıt Altlık,2,1,1,rendered:title-count | rendered:description-count | rendered:canonical-count | rendered:multiple-breadcrumbs | title-raw-rendered-difference | description-raw-rendered-difference
/rize-matbaa,city,200,True,Rize Matbaa & Baskı Hizmetleri | Mavi Basım,"Rize’ye Kargo ile Matbaa, Çay Ambalajı ve Turizm Baskı | Mavi Basım | Rize Matbaa & Baskı Hizmetleri | Mavi Basım",3,0,1,raw:h1-count | rendered:title-count | rendered:description-count | rendered:canonical-count | title-raw-rendered-difference | description-raw-rendered-difference
/sakarya-matbaa,city,200,True,Sakarya Matbaa & Baskı Hizmetleri | Mavi Basım,"Sakarya Matbaa | Kartvizit, Broşür, Kutu Baskı Fiyatları | Sakarya Matbaa & Baskı Hizmetleri | Mavi Basım",3,0,1,raw:h1-count | rendered:title-count | rendered:description-count | rendered:canonical-count | title-raw-rendered-difference | description-raw-rendered-difference
/samsun-brosur-baski,sector,200,True,Samsun Broşür Baskı Fiyatları | Samsun Online Matbaa,Samsun Broşür Baskı Fiyatları | Samsun Online Matbaa | Samsun Broşür Baskı Fiyatları | Samsun Online Matbaa,2,1,1,rendered:title-count | rendered:description-count | rendered:canonical-count | rendered:multiple-breadcrumbs | title-raw-rendered-difference | description-raw-rendered-difference
/samsun-etiket-baski,sector,200,True,Samsun Etiket Baskı Fiyatları | Samsun Online Matbaa,Samsun Etiket Baskı Fiyatları | Samsun Online Matbaa | Samsun Etiket Baskı Fiyatları | Samsun Online Matbaa,2,1,1,rendered:title-count | rendered:description-count | rendered:canonical-count | rendered:multiple-breadcrumbs | title-raw-rendered-difference | description-raw-rendered-difference
/samsun-kartvizit-baski,sector,200,True,Samsun Kartvizit Baskı | Uygun Fiyatlı Online Matbaa,Samsun Kartvizit Baskı | Uygun Fiyatlı Online Matbaa | Samsun Kartvizit Baskı | Uygun Fiyatlı Online Matbaa,2,1,1,rendered:title-count | rendered:description-count | rendered:canonical-count | rendered:multiple-breadcrumbs | title-raw-rendered-difference | description-raw-rendered-difference
/samsun-katalog-baski,sector,200,True,Samsun Katalog Baskı Fiyatları | Samsun Online Matbaa,Samsun Katalog Baskı Fiyatları | Samsun Online Matbaa | Samsun Katalog Baskı Fiyatları | Samsun Online Matbaa,2,1,1,rendered:title-count | rendered:description-count | rendered:canonical-count | rendered:multiple-breadcrumbs | title-raw-rendered-difference | description-raw-rendered-difference
/samsun-kutu-baski,sector,200,True,Samsun Kutu Baskı Fiyatları | Samsun Online Matbaa,Samsun Kutu Baskı Fiyatları | Samsun Online Matbaa | Samsun Kutu Baskı Fiyatları | Samsun Online Matbaa,2,1,1,rendered:title-count | rendered:description-count | rendered:canonical-count | rendered:multiple-breadcrumbs | title-raw-rendered-difference | description-raw-rendered-difference
/samsun-magnet-baski,sector,200,True,Samsun Magnet Baskı Fiyatları | Samsun Online Matbaa,Samsun Magnet Baskı Fiyatları | Samsun Online Matbaa | Samsun Magnet Baskı Fiyatları | Samsun Online Matbaa,2,1,1,rendered:title-count | rendered:description-count | rendered:canonical-count | rendered:multiple-breadcrumbs | title-raw-rendered-difference | description-raw-rendered-difference
/samsun-matbaa,city,200,True,Samsun Matbaa & Baskı Hizmetleri | Mavi Basım,"Samsun’a Kargo ile Matbaa, Etiket ve Ambalaj Baskı | Mavi Basım | Samsun Matbaa & Baskı Hizmetleri | Mavi Basım",3,0,1,raw:h1-count | rendered:title-count | rendered:description-count | rendered:canonical-count | title-raw-rendered-difference | description-raw-rendered-difference
/samsun-restoran-brosur-baski,sector,200,True,Samsun Restoran Broşür Baskı | Katlamalı Restoran Sipariş Fişleri,Samsun Restoran Broşür Baskı | Katlamalı Restoran Sipariş Fişleri | Samsun Restoran Broşür Baskı | Katlamalı Restoran Sipariş Fişleri,2,1,1,rendered:title-count | rendered:description-count | rendered:canonical-count | rendered:multiple-breadcrumbs | title-raw-rendered-difference | description-raw-rendered-difference
/sanliurfa-matbaa,city,200,True,Şanlıurfa Matbaa & Baskı Hizmetleri | Mavi Basım,"Şanlıurfa Matbaa | Kartvizit, Broşür, Kutu Baskı Fiyatları | Şanlıurfa Matbaa & Baskı Hizmetleri | Mavi Basım",3,0,1,raw:h1-count | rendered:title-count | rendered:description-count | rendered:canonical-count | title-raw-rendered-difference | description-raw-rendered-difference
/sektor/donerci-magnet-baski,sector,200,True,Dönerci Magnet Baskı Fiyatları | Figürlü Özel Kesim Buzdolabı Magneti,Dönerci Magnet Baskı Fiyatları | Figürlü Özel Kesim Buzdolabı Magneti | Dönerci Magnet Baskı Fiyatları | Figürlü Özel Kesim Buzdolabı Magneti,2,1,1,rendered:title-count | rendered:description-count | rendered:canonical-count | rendered:multiple-breadcrumbs | title-raw-rendered-difference | description-raw-rendered-difference
/sektor/e-ticaret-baski,static,301,False,,E-Ticaret ve Perakende Baskı Çözümleri | Mavi Basım | E-Ticaret ve Perakende Baskı Çözümleri | Mavi Basım,2,0,1,rendered:title-count | rendered:description-count | rendered:canonical-count | rendered:multiple-breadcrumbs
/sektor/e-ticaret-perakende-baski,sector,200,True,E-Ticaret ve Perakende Baskı Çözümleri | Mavi Basım,E-Ticaret ve Perakende Baskı Çözümleri | Mavi Basım | E-Ticaret ve Perakende Baskı Çözümleri | Mavi Basım,2,1,1,rendered:title-count | rendered:description-count | rendered:canonical-count | rendered:multiple-breadcrumbs | title-raw-rendered-difference | description-raw-rendered-difference
/sektor/eczane-el-ilani-baski,sector,200,True,Eczane ve Sağlık Bilgilendirme İlanı Baskısı | Medikal El İlanları,Eczane ve Sağlık Bilgilendirme İlanı Baskısı | Medikal El İlanları | Eczane ve Sağlık Bilgilendirme İlanı Baskısı | Medikal El İlanları,2,1,1,rendered:title-count | rendered:description-count | rendered:canonical-count | rendered:multiple-breadcrumbs | title-raw-rendered-difference | description-raw-rendered-difference
/sektor/egitim-kurumlari-baski,sector,200,True,Eğitim Kurumları Baskı Çözümleri | Mavi Basım,Eğitim Kurumları Baskı Çözümleri | Mavi Basım | Eğitim Kurumları Baskı Çözümleri | Mavi Basım,2,1,1,rendered:title-count | rendered:description-count | rendered:canonical-count | rendered:multiple-breadcrumbs | title-raw-rendered-difference | description-raw-rendered-difference
/sektor/emlakci-kartvizit-baski,sector,200,True,Emlakçı Kartvizit Baskı Fiyatları | Cam Filmi ve Branda Afişleri,Emlakçı Kartvizit Baskı Fiyatları | Cam Filmi ve Branda Afişleri | Emlakçı Kartvizit Baskı Fiyatları | Cam Filmi ve Branda Afişleri,2,1,1,rendered:title-count | rendered:description-count | rendered:canonical-count | rendered:multiple-breadcrumbs | title-raw-rendered-difference | description-raw-rendered-difference
/sektor/fast-food-cips-kutusu-baski,sector,200,True,Fast Food Cips Kutusu Modelleri | Logolu Patates ve Atıştırmalık Ambalajı,Fast Food Cips Kutusu Modelleri | Logolu Patates ve Atıştırmalık Ambalajı | Fast Food Cips Kutusu Modelleri | Logolu Patates ve Atıştırmalık Ambalajı,2,1,1,rendered:title-count | rendered:description-count | rendered:canonical-count | rendered:multiple-breadcrumbs | title-raw-rendered-difference | description-raw-rendered-difference
/sektor/gida-kooperatif-baski,static,301,False,,Kutu ve Ambalaj Baskı Çözümleri | Mavi Basım | Kutu ve Ambalaj Baskı Çözümleri | Mavi Basım,2,0,1,rendered:title-count | rendered:description-count | rendered:canonical-count | rendered:multiple-breadcrumbs
/sektor/kafe-menu-baski,sector,200,True,Kafe Menü Baskı Fiyatları | Logolu Amerikan Servis ve Masa Kartı,Kafe Menü Baskı Fiyatları | Logolu Amerikan Servis ve Masa Kartı | Kafe Menü Baskı Fiyatları | Logolu Amerikan Servis ve Masa Kartı,2,1,1,rendered:title-count | rendered:description-count | rendered:canonical-count | rendered:multiple-breadcrumbs | title-raw-rendered-difference | description-raw-rendered-difference
/sektor/kozmetik-guzellik-merkezi-baski,sector,200,True,Güzellik Merkezi ve Kozmetik Baskı Çözümleri | Mavi Basım,Güzellik Merkezi ve Kozmetik Baskı Çözümleri | Mavi Basım | Güzellik Merkezi ve Kozmetik Baskı Çözümleri | Mavi Basım,2,1,1,rendered:title-count | rendered:description-count | rendered:canonical-count | rendered:multiple-breadcrumbs | title-raw-rendered-difference | description-raw-rendered-difference
/sektor/kozmetik-guzellik-saglik-baski,static,301,False,,Güzellik Merkezi ve Kozmetik Baskı Çözümleri | Mavi Basım | Güzellik Merkezi ve Kozmetik Baskı Çözümleri | Mavi Basım,2,0,1,rendered:title-count | rendered:description-count | rendered:canonical-count | rendered:multiple-breadcrumbs
/sektor/kuafor-kartvizit-baski,sector,200,True,Kuaför Kartvizit Baskı | Berber ve Güzellik Salonu,Kuaför Kartvizit Baskı | Berber ve Güzellik Salonu | Kuaför Kartvizit Baskı | Berber ve Güzellik Salonu,2,1,1,rendered:title-count | rendered:description-count | rendered:canonical-count | rendered:multiple-breadcrumbs | title-raw-rendered-difference | description-raw-rendered-difference
/sektor/kutu-ambalaj-baski-cozumleri,sector,200,True,Kutu ve Ambalaj Baskı Çözümleri | Mavi Basım,Kutu ve Ambalaj Baskı Çözümleri | Mavi Basım | Kutu ve Ambalaj Baskı Çözümleri | Mavi Basım,2,1,1,rendered:title-count | rendered:description-count | rendered:canonical-count | rendered:multiple-breadcrumbs | title-raw-rendered-difference | description-raw-rendered-difference
/sektor/lokanta-amerikan-servis-baski,sector,200,True,Lokanta Amerikan Servis Baskı Fiyatları | Logolu Kağıt Servis,Lokanta Amerikan Servis Baskı Fiyatları | Logolu Kağıt Servis | Lokanta Amerikan Servis Baskı Fiyatları | Logolu Kağıt Servis,2,1,1,rendered:title-count | rendered:description-count | rendered:canonical-count | rendered:multiple-breadcrumbs | title-raw-rendered-difference | description-raw-rendered-difference
/sektor/pastane-kutu-baski,sector,200,True,Pastane Kutu Baskı Fiyatları | Logolu Baklava ve Pasta Kutusu,Pastane Kutu Baskı Fiyatları | Logolu Baklava ve Pasta Kutusu | Pastane Kutu Baskı Fiyatları | Logolu Baklava ve Pasta Kutusu,2,1,1,rendered:title-count | rendered:description-count | rendered:canonical-count | rendered:multiple-breadcrumbs | title-raw-rendered-difference | description-raw-rendered-difference
/sektor/restoran-brosur-baski,sector,200,True,Restoran Broşür Baskı | Paket Servis Menü Broşürü,Restoran Broşür Baskı | Paket Servis Menü Broşürü | Restoran Broşür Baskı | Paket Servis Menü Broşürü,2,1,1,rendered:title-count | rendered:description-count | rendered:canonical-count | rendered:multiple-breadcrumbs | title-raw-rendered-difference | description-raw-rendered-difference
/sigorta-policeleri,static,200,True,Sigorta Poliçesi ve Teklif Formu Baskısı | Mavi Basım,Sigorta Poliçesi ve Teklif Formu Baskısı | Mavi Basım | Sigorta Poliçesi ve Teklif Formu Baskısı | Mavi Basım,3,1,1,rendered:title-count | rendered:description-count | rendered:canonical-count | rendered:multiple-breadcrumbs | title-raw-rendered-difference | description-raw-rendered-difference
/siirt-matbaa,city,200,True,Siirt Matbaa & Baskı Hizmetleri | Mavi Basım,"Siirt Matbaa | Kartvizit, Broşür, Kutu Baskı Fiyatları | Siirt Matbaa & Baskı Hizmetleri | Mavi Basım",3,0,1,raw:h1-count | rendered:title-count | rendered:description-count | rendered:canonical-count | title-raw-rendered-difference | description-raw-rendered-difference
/sikca-sorulan,static,200,True,Sıkça Sorulan Sorular | Mavi Basım Matbaa & Reklam,Sıkça Sorulan Sorular | Sipariş ve Teslimat - Mavi Basım | Sıkça Sorulan Sorular | Mavi Basım Matbaa & Reklam,2,0,1,raw:h1-count | rendered:title-count | rendered:description-count | rendered:canonical-count | title-raw-rendered-difference | description-raw-rendered-difference
/sinop-magnet-baski,sector,200,True,Sinop Magnet Baskı | Turizm ve Yerel Lezzetler,Sinop Magnet Baskı | Turizm ve Yerel Lezzetler | Sinop Magnet Baskı | Turizm ve Yerel Lezzetler,2,1,1,rendered:title-count | rendered:description-count | rendered:canonical-count | rendered:multiple-breadcrumbs | title-raw-rendered-difference | description-raw-rendered-difference
/sinop-matbaa,city,200,True,Sinop Matbaa & Baskı Hizmetleri | Mavi Basım,"Sinop’a Kargo ile Matbaa, Turizm ve Gıda Ambalaj Baskı | Mavi Basım | Sinop Matbaa & Baskı Hizmetleri | Mavi Basım",3,0,1,raw:h1-count | rendered:title-count | rendered:description-count | rendered:canonical-count | title-raw-rendered-difference | description-raw-rendered-difference
/siparis-fisi,static,200,True,Sipariş Fişi Baskı Fiyatları 2026 | Otokopili ve Numaratörlü,Sipariş Fişi Baskı Fiyatları 2026 | Otokopili ve Numaratörlü | Sipariş Fişi Baskı Fiyatları 2026 | Otokopili ve Numaratörlü,3,1,1,rendered:title-count | rendered:description-count | rendered:canonical-count | rendered:multiple-breadcrumbs | title-raw-rendered-difference | description-raw-rendered-difference
/siparis-fisi-baski-fiyatlari,static,200,True,Sipariş Fişi Baskı Fiyatları 2026 | Otokopili Sipariş Fişi - Mavi Basım,Sipariş Fişi Baskı Fiyatları 2026 | Otokopili ve Numaratörlü | Sipariş Fişi Baskı Fiyatları 2026 | Otokopili Sipariş Fişi - Mavi Basım,3,0,1,raw:h1-count | rendered:title-count | rendered:description-count | rendered:canonical-count | title-raw-rendered-difference | description-raw-rendered-difference
/sirnak-matbaa,city,200,True,Şırnak Matbaa & Baskı Hizmetleri | Mavi Basım,"Şırnak Matbaa | Kartvizit, Broşür, Kutu Baskı Fiyatları | Şırnak Matbaa & Baskı Hizmetleri | Mavi Basım",3,0,1,raw:h1-count | rendered:title-count | rendered:description-count | rendered:canonical-count | title-raw-rendered-difference | description-raw-rendered-difference
/sivas-matbaa,city,200,True,Sivas Matbaa & Baskı Hizmetleri | Mavi Basım,"Sivas Matbaa | Kartvizit, Broşür, Kutu Baskı Fiyatları | Sivas Matbaa & Baskı Hizmetleri | Mavi Basım",3,0,1,raw:h1-count | rendered:title-count | rendered:description-count | rendered:canonical-count | title-raw-rendered-difference | description-raw-rendered-difference
/sozlesme-baski,static,200,True,Matbaa ve Baskı Çözümleri | Mavi Basım,Sözleşme Baskı | Numaratörlü Otokopili Sözleşme Koçanı Baskısı | Matbaa ve Baskı Çözümleri | Mavi Basım,3,0,1,raw:h1-count | rendered:title-count | rendered:description-count | rendered:canonical-count | title-raw-rendered-difference | description-raw-rendered-difference
/tahsilat-makbuzu,static,200,True,Tahsilat Makbuzu Baskı Fiyatları | Otokopili ve Numaratörlü,Tahsilat Makbuzu Baskı Fiyatları | Otokopili ve Numaratörlü,1,1,1,
/tediye-makbuzu,static,200,True,Tediye Makbuzu Baskı Fiyatları 2026 | Numaratörlü ve Otokopili,Tediye Makbuzu Baskı Fiyatları 2026 | Numaratörlü ve Otokopili,1,1,1,rendered:multiple-breadcrumbs
/tekirdag-matbaa,city,200,True,Tekirdağ Matbaa & Baskı Hizmetleri | Mavi Basım,"Tekirdağ Matbaa | Kartvizit, Broşür, Kutu Baskı Fiyatları | Tekirdağ Matbaa & Baskı Hizmetleri | Mavi Basım",3,0,1,raw:h1-count | rendered:title-count | rendered:description-count | rendered:canonical-count | title-raw-rendered-difference | description-raw-rendered-difference
/teslimat-sartlari,static,200,False,Teslimat Şartları ve Kargo Gönderim Rehberi | Mavi Basım Matbaa,Teslimat Şartları ve Kargo Gönderim Rehberi | Mavi Basım Matbaa | Teslimat Şartları ve Kargo Gönderim Rehberi | Mavi Basım Matbaa,3,1,1,rendered:title-count | rendered:description-count | rendered:canonical-count | rendered:multiple-breadcrumbs | rendered:duplicate-schema-id | title-raw-rendered-difference | description-raw-rendered-difference
/teslimat-ve-iade,static,404,False,404 Sayfa Bulunamadı | Mavi Basım,Teslimat Şartları ve Kargo Gönderim Rehberi | Mavi Basım Matbaa | 404 Sayfa Bulunamadı | Mavi Basım,3,1,1,redirect-response | rendered:title-count | rendered:description-count | rendered:canonical-count | rendered:noindex | rendered:multiple-breadcrumbs | rendered:duplicate-schema-id
/tokat-matbaa,city,200,True,Tokat Matbaa & Baskı Hizmetleri | Mavi Basım,"Tokat Matbaa | Kartvizit, Broşür, Kutu Baskı Fiyatları | Tokat Matbaa & Baskı Hizmetleri | Mavi Basım",3,0,1,raw:h1-count | rendered:title-count | rendered:description-count | rendered:canonical-count | title-raw-rendered-difference | description-raw-rendered-difference
/trabzon-brosur-baski,sector,200,True,Trabzon Broşür Baskı | Katlamalı Kafe ve Otel Menüleri,Trabzon Broşür Baskı | Katlamalı Kafe ve Otel Menüleri | Trabzon Broşür Baskı | Katlamalı Kafe ve Otel Menüleri,2,1,1,rendered:title-count | rendered:description-count | rendered:canonical-count | rendered:multiple-breadcrumbs | title-raw-rendered-difference | description-raw-rendered-difference
/trabzon-etiket-baski,sector,200,True,Trabzon Etiket Baskı Fiyatları | Trabzon Online Matbaa,Trabzon Etiket Baskı Fiyatları | Trabzon Online Matbaa | Trabzon Etiket Baskı Fiyatları | Trabzon Online Matbaa,2,1,1,rendered:title-count | rendered:description-count | rendered:canonical-count | rendered:multiple-breadcrumbs | title-raw-rendered-difference | description-raw-rendered-difference
/trabzon-kafe-menu-baski,sector,200,True,Trabzon Kafe Menü Baskı | Kraft Kalın Menü ve Amerikan Servis,Trabzon Kafe Menü Baskı | Kraft Kalın Menü ve Amerikan Servis | Trabzon Kafe Menü Baskı | Kraft Kalın Menü ve Amerikan Servis,2,1,1,rendered:title-count | rendered:description-count | rendered:canonical-count | rendered:multiple-breadcrumbs | title-raw-rendered-difference | description-raw-rendered-difference
/trabzon-kartvizit-baski,sector,200,True,Trabzon Kartvizit Baskı Fiyatları | Trabzon Online Matbaa,Trabzon Kartvizit Baskı Fiyatları | Trabzon Online Matbaa | Trabzon Kartvizit Baskı Fiyatları | Trabzon Online Matbaa,2,1,1,rendered:title-count | rendered:description-count | rendered:canonical-count | rendered:multiple-breadcrumbs | title-raw-rendered-difference | description-raw-rendered-difference
/trabzon-katalog-baski,sector,200,True,Trabzon Katalog Baskı Fiyatları | Trabzon Online Matbaa,Trabzon Katalog Baskı Fiyatları | Trabzon Online Matbaa | Trabzon Katalog Baskı Fiyatları | Trabzon Online Matbaa,2,1,1,rendered:title-count | rendered:description-count | rendered:canonical-count | rendered:multiple-breadcrumbs | title-raw-rendered-difference | description-raw-rendered-difference
/trabzon-kutu-baski,sector,200,True,Trabzon Kutu Baskı Fiyatları | Trabzon Online Matbaa,Trabzon Kutu Baskı Fiyatları | Trabzon Online Matbaa | Trabzon Kutu Baskı Fiyatları | Trabzon Online Matbaa,2,1,1,rendered:title-count | rendered:description-count | rendered:canonical-count | rendered:multiple-breadcrumbs | title-raw-rendered-difference | description-raw-rendered-difference
/trabzon-magnet-baski,sector,200,True,Trabzon Magnet Baskı Fiyatları | Trabzon Online Matbaa,Trabzon Magnet Baskı Fiyatları | Trabzon Online Matbaa | Trabzon Magnet Baskı Fiyatları | Trabzon Online Matbaa,2,1,1,rendered:title-count | rendered:description-count | rendered:canonical-count | rendered:multiple-breadcrumbs | title-raw-rendered-difference | description-raw-rendered-difference
/trabzon-matbaa,city,200,True,Trabzon Matbaa & Baskı Hizmetleri | Mavi Basım,"Trabzon’a Kargo ile Matbaa, Turizm ve Ambalaj Baskı | Mavi Basım | Trabzon Matbaa & Baskı Hizmetleri | Mavi Basım",3,0,1,raw:h1-count | rendered:title-count | rendered:description-count | rendered:canonical-count | title-raw-rendered-difference | description-raw-rendered-difference
/tunceli-matbaa,city,200,True,Tunceli Matbaa & Baskı Hizmetleri | Mavi Basım,"Tunceli Matbaa | Kartvizit, Broşür, Kutu Baskı Fiyatları | Tunceli Matbaa & Baskı Hizmetleri | Mavi Basım",3,0,1,raw:h1-count | rendered:title-count | rendered:description-count | rendered:canonical-count | title-raw-rendered-difference | description-raw-rendered-difference
/usak-matbaa,city,200,True,Uşak Matbaa & Baskı Hizmetleri | Mavi Basım,"Uşak Matbaa | Kartvizit, Broşür, Kutu Baskı Fiyatları | Uşak Matbaa & Baskı Hizmetleri | Mavi Basım",3,0,1,raw:h1-count | rendered:title-count | rendered:description-count | rendered:canonical-count | title-raw-rendered-difference | description-raw-rendered-difference
/van-kutu-baski,sector,200,True,Van Kutu Baskı | Şık Otlu Peynir & Yöresel Ürün Kutusu,Van Kutu Baskı | Şık Otlu Peynir & Yöresel Ürün Kutusu | Van Kutu Baskı | Şık Otlu Peynir & Yöresel Ürün Kutusu,2,1,1,rendered:title-count | rendered:description-count | rendered:canonical-count | rendered:multiple-breadcrumbs | title-raw-rendered-difference | description-raw-rendered-difference
/van-matbaa,city,200,True,Van Matbaa & Baskı Hizmetleri | Mavi Basım,"Van Matbaa | Kartvizit, Etiket ve Ambalaj Baskısı | Van Matbaa & Baskı Hizmetleri | Mavi Basım",3,0,1,raw:h1-count | rendered:title-count | rendered:description-count | rendered:canonical-count | title-raw-rendered-difference | description-raw-rendered-difference
/yag-karti,static,200,True,Yağ Değişim Kartı Baskı Fiyatları | 350 gr Kuşe - Mavi Basım,Yağ Değişim Kartı Baskı Fiyatları | 350 gr Kuşe - Mavi Basım,1,1,1,
/yalova-matbaa,city,200,True,Yalova Matbaa & Baskı Hizmetleri | Mavi Basım,"Yalova Matbaa | Kartvizit, Broşür, Kutu Baskı Fiyatları | Yalova Matbaa & Baskı Hizmetleri | Mavi Basım",3,0,1,raw:h1-count | rendered:title-count | rendered:description-count | rendered:canonical-count | title-raw-rendered-difference | description-raw-rendered-difference
/yozgat-matbaa,city,200,True,Yozgat Matbaa & Baskı Hizmetleri | Mavi Basım,"Yozgat Matbaa | Kartvizit, Broşür, Kutu Baskı Fiyatları | Yozgat Matbaa & Baskı Hizmetleri | Mavi Basım",3,0,1,raw:h1-count | rendered:title-count | rendered:description-count | rendered:canonical-count | title-raw-rendered-difference | description-raw-rendered-difference
/zarf,static,200,True,Zarf Baskı Fiyatları | Diplomat ve Torba Zarf - Mavi Basım,Zarf Baskı Fiyatları | Diplomat ve Torba Zarf - Mavi Basım,1,1,1,
/zonguldak-matbaa,city,200,True,Zonguldak Matbaa & Baskı Hizmetleri | Mavi Basım,"Zonguldak Matbaa | Kartvizit, Broşür, Kutu Baskı Fiyatları | Zonguldak Matbaa & Baskı Hizmetleri | Mavi Basım",3,0,1,raw:h1-count | rendered:title-count | rendered:description-count | rendered:canonical-count | title-raw-rendered-difference | description-raw-rendered-difference
